Workbook

Sheet Maio_21
B2: Escala de Trabalho | E2: Férias | F2: Trabalhando | G2: Folga
B5: Dias | C5: Sábado | D5: Domingo | E5: Segunda-feira | F5: Terça-feira | G5: Quarta-feira | H5: Quinta-feira | I5: Sexta-feira
B6: PDV | C6: 44324 | D6: 44325 | E6: 44326 | F6: 44327 | G6: 44328 | H6: 44329 | I6: 44330
B7: Penha | C7: Andressa | D7: Andressa | E7: Andressa | F7: Andressa | G7: Andressa | H7: Andressa | I7: Andressa
B8: Penha | C8: Isadora | D8: Isadora | E8: Isadora | F8: Isadora | G8: Isadora | H8: Isadora | I8: Isadora
B9: Penha | C9: Christian | D9: Christian | E9: Christian | F9: Christian | G9: Christian | H9: Christian | I9: Christian
B10: Piçarras | C10: Miguel | D10: Miguel | E10: Miguel | F10: Miguel | G10: Miguel | H10: Miguel | I10: Miguel
B11: Piçarras | C11: Priscila | D11: Priscila | E11: Priscila | F11: Priscila | G11: Priscila | H11: Priscila | I11: Priscila
B12: Piçarras | C12: Milena | D12: Milena | E12: Milena | F12: Milena | G12: Milena | H12: Milena | I12: Milena
B13: Piçarras/Penha | C13: Luiz | D13: Luiz | E13: Luiz | F13: Luiz | G13: Luiz | H13: Luiz | I13: Luiz
B14: Piçarras/Penha | C14: Jean | D14: Jean | E14: Jean | F14: Jean | G14: Jean | H14: Jean | I14: Jean
B15: Externo | C15: Diogo | D15: Diogo | E15: Diogo | F15: Diogo | G15: Diogo | H15: Diogo | I15: Diogo
B17: Dias | C17: Sábado | D17: Domingo | E17: Segunda-feira | F17: Terça-feira | G17: Quarta-feira | H17: Quinta-feira | I17: Sexta-feira
B18: PDV | C18: 44331 | D18: 44332 | E18: 44333 | F18: 44334 | G18: 44335 | H18: 44336 | I18: 44337
B19: Penha | C19: Andressa | D19: Andressa | E19: Andressa | F19: Andressa | G19: Andressa | H19: Andressa | I19: Andressa
B20: Penha | C20: Isadora | D20: Isadora | E20: Isadora | F20: Isadora | G20: Isadora | H20: Isadora | I20: Isadora
B21: Penha | C21: Christian | D21: Christian | E21: Christian | F21: Christian | G21: Christian | H21: Christian | I21: Christian
B22: Piçarras | C22: Miguel | D22: Miguel | E22: Miguel | F22: Miguel | G22: Miguel | H22: Miguel | I22: Miguel
B23: Piçarras | C23: Priscila | D23: Priscila | E23: Priscila | F23: Priscila | G23: Priscila | H23: Priscila | I23: Priscila
B24: Piçarras | C24: Milena | D24: Milena | E24: Milena | F24: Milena | G24: Milena | H24: Milena | I24: Milena
B25: Piçarras/Penha | C25: Luiz | D25: Luiz | E25: Luiz | F25: Luiz | G25: Luiz | H25: Luiz | I25: Luiz
B26: Piçarras/Penha | C26: Jean | D26: Jean | E26: Jean | F26: Jean | G26: Jean | H26: Jean | I26: Jean
B27: Externo | C27: Diogo | D27: Diogo | E27: Diogo | F27: Diogo | G27: Diogo | H27: Diogo | I27: Diogo
B29: Dias | C29: Sábado | D29: Domingo | E29: Segunda-feira | F29: Terça-feira | G29: Quarta-feira | H29: Quinta-feira | I29: Sexta-feira
B30: PDV | C30: 44338 | D30: 44339 | E30: 44340 | F30: 44341 | G30: 44342 | H30: 44343 | I30: 44344
B31: Penha | C31: Andressa | D31: Andressa | E31: Andressa | F31: Andressa | G31: Andressa | H31: Andressa | I31: Andressa
B32: Penha | C32: Isadora | D32: Isadora | E32: Isadora | F32: Isadora | G32: Isadora | H32: Isadora | I32: Isadora
B33: Penha | C33: Christian | D33: Christian | E33: Christian | F33: Christian | G33: Christian | H33: Christian | I33: Christian
B34: Piçarras | C34: Miguel | D34: Miguel | E34: Miguel | F34: Miguel | G34: Miguel | H34: Miguel | I34: Miguel
B35: Piçarras | C35: Priscila | D35: Priscila | E35: Priscila | F35: Priscila | G35: Priscila | H35: Priscila | I35: Priscila
B36: Piçarras | C36: Milena | D36: Milena | E36: Milena | F36: Milena | G36: Milena | H36: Milena | I36: Milena
B37: Piçarras/Penha | C37: Luiz | D37: Luiz | E37: Luiz | F37: Luiz | G37: Luiz | H37: Luiz | I37: Luiz
B38: Piçarras/Penha | C38: Jean | D38: Jean | E38: Jean | F38: Jean | G38: Jean | H38: Jean | I38: Jean
B39: Externo | C39: Diogo | D39: Diogo | E39: Diogo | F39: Diogo | G39: Diogo | H39: Diogo | I39: Diogo
B41: Dias | C41: Sábado | D41: Domingo | E41: Segunda-feira | F41: Terça-feira | G41: Quarta-feira | H41: Quinta-feira | I41: Sexta-feira
B42: PDV | C42: 44345 | D42: 44346 | E42: 44347 | F42: 44348 | G42: 44349 | H42: 44350 | I42: 44351
B43: Penha | C43: Andressa | D43: Andressa | E43: Andressa | F43: Andressa | G43: Andressa | H43: Andressa | I43: Andressa
B44: Penha | C44: Isadora | D44: Isadora | E44: Isadora | F44: Isadora | G44: Isadora | H44: Isadora | I44: Isadora
B45: Penha | C45: Christian | D45: Christian | E45: Christian | F45: Christian | G45: Christian | H45: Christian | I45: Christian
B46: Piçarras | C46: Miguel | D46: Miguel | E46: Miguel | F46: Miguel | G46: Miguel | H46: Miguel | I46: Miguel
B47: Piçarras | C47: Priscila | D47: Priscila | E47: Priscila | F47: Priscila | G47: Priscila | H47: Priscila | I47: Priscila
B48: Piçarras | C48: Milena | D48: Milena | E48: Milena | F48: Milena | G48: Milena | H48: Milena | I48: Milena
B49: Piçarras/Penha | C49: Luiz | D49: Luiz | E49: Luiz | F49: Luiz | G49: Luiz | H49: Luiz | I49: Luiz
B50: Piçarras/Penha | C50: Jean | D50: Jean | E50: Jean | F50: Jean | G50: Jean | H50: Jean | I50: Jean
B51: Externo | C51: Diogo | D51: Diogo | E51: Diogo | F51: Diogo | G51: Diogo | H51: Diogo | I51: Diogo

Sheet Junho_21
B2: Escala de Trabalho | E2: Férias | F2: Trabalhando | G2: Folga
B4: Dias | C4: Sábado | D4: Domingo | E4: Segunda-feira | F4: Terça-feira | G4: Quarta-feira | H4: Quinta-feira | I4: Sexta-feira
B5: PDV | C5: 44352 | D5: 44353 | E5: 44354 | F5: 44355 | G5: 44356 | H5: 44357 | I5: 44358
B6: Penha | C6: Andressa | D6: Andressa | E6: Andressa | F6: Andressa | G6: Andressa | H6: Andressa | I6: Andressa
B7: Penha | C7: Isadora | D7: Isadora | E7: Isadora | F7: Isadora | G7: Isadora | H7: Isadora | I7: Isadora
B8: Penha | C8: Christian | D8: Christian | E8: Christian | F8: Christian | G8: Christian | H8: Christian | I8: Christian
B9: Piçarras | C9: Miguel | D9: Miguel | E9: Miguel | F9: Miguel | G9: Miguel | H9: Miguel | I9: Miguel
B10: Piçarras | C10: Priscila | D10: Priscila | E10: Priscila | F10: Priscila | G10: Priscila | H10: Priscila | I10: Priscila
B11: Piçarras/Penha | C11: Luiz | D11: Luiz | E11: Luiz | F11: Luiz | G11: Luiz | H11: Luiz | I11: Luiz
B12: Piçarras/Penha | C12: Jean | D12: Jean | E12: Jean | F12: Jean | G12: Jean | H12: Jean | I12: Jean
B13: Externo | C13: Diogo | D13: Diogo | E13: Diogo | F13: Diogo | G13: Diogo | H13: Diogo | I13: Diogo
B15: Dias | C15: Sábado | D15: Domingo | E15: Segunda-feira | F15: Terça-feira | G15: Quarta-feira | H15: Quinta-feira | I15: Sexta-feira
B16: PDV | C16: 44359 | D16: 44360 | E16: 44361 | F16: 44362 | G16: 44363 | H16: 44364 | I16: 44365
B17: Penha | C17: Andressa | D17: Andressa | E17: Andressa | F17: Andressa | G17: Andressa | H17: Andressa | I17: Andressa
B18: Penha | C18: Isadora | D18: Isadora | E18: Isadora | F18: Isadora | G18: Isadora | H18: Isadora | I18: Isadora
B19: Penha | C19: Christian | D19: Christian | E19: Christian | F19: Christian | G19: Christian | H19: Christian | I19: Christian
B20: Piçarras | C20: Miguel | D20: Miguel | E20: Miguel | F20: Miguel | G20: Miguel | H20: Miguel | I20: Miguel
B21: Piçarras | C21: Priscila | D21: Priscila | E21: Priscila | F21: Priscila | G21: Priscila | H21: Priscila | I21: Priscila
B22: Piçarras/Penha | C22: Luiz | D22: Luiz | E22: Luiz | F22: Luiz | G22: Luiz | H22: Luiz | I22: Luiz
B23: Piçarras/Penha | C23: Jean | D23: Jean | E23: Jean | F23: Jean | G23: Jean | H23: Jean | I23: Jean
B24: Externo | C24: Diogo | D24: Diogo | E24: Diogo | F24: Diogo | G24: Diogo | H24: Diogo | I24: Diogo
B26: Dias | C26: Sábado | D26: Domingo | E26: Segunda-feira | F26: Terça-feira | G26: Quarta-feira | H26: Quinta-feira | I26: Sexta-feira
B27: PDV | C27: 44366 | D27: 44367 | E27: 44368 | F27: 44369 | G27: 44370 | H27: 44371 | I27: 44372
B28: Penha | C28: Andressa | D28: Andressa | E28: Andressa | F28: Andressa | G28: Andressa | H28: Andressa | I28: Andressa
B29: Penha | C29: Isadora | D29: Isadora | E29: Isadora | F29: Isadora | G29: Isadora | H29: Isadora | I29: Isadora
B30: Penha | C30: Christian | D30: Christian | E30: Christian | F30: Christian | G30: Christian | H30: Christian | I30: Christian
B31: Piçarras | C31: Miguel | D31: Miguel | E31: Miguel | F31: Miguel | G31: Miguel | H31: Miguel | I31: Miguel
B32: Piçarras | C32: Priscila | D32: Priscila | E32: Priscila | F32: Priscila | G32: Priscila | H32: Priscila | I32: Priscila
B33: Piçarras/Penha | C33: Luiz | D33: Luiz | E33: Luiz | F33: Luiz | G33: Luiz | H33: Luiz | I33: Luiz
B34: Piçarras/Penha | C34: Jean | D34: Jean | E34: Jean | F34: Jean | G34: Jean | H34: Jean | I34: Jean
B35: Externo | C35: Diogo | D35: Diogo | E35: Diogo | F35: Diogo | G35: Diogo | H35: Diogo | I35: Diogo
B37: Dias | C37: Sábado | D37: Domingo | E37: Segunda-feira | F37: Terça-feira | G37: Quarta-feira | H37: Quinta-feira | I37: Sexta-feira
B38: PDV | C38: 44373 | D38: 44374 | E38: 44375 | F38: 44376 | G38: 44377 | H38: 44378 | I38: 44379
B39: Penha | C39: Andressa | D39: Andressa | E39: Andressa | F39: Andressa | G39: Andressa | H39: Andressa | I39: Andressa
B40: Penha | C40: Isadora | D40: Isadora | E40: Isadora | F40: Isadora | G40: Isadora | H40: Isadora | I40: Isadora
B41: Penha | C41: Christian | D41: Christian | E41: Christian | F41: Christian | G41: Christian | H41: Christian | I41: Christian
B42: Piçarras | C42: Miguel | D42: Miguel | E42: Miguel | F42: Miguel | G42: Miguel | H42: Miguel | I42: Miguel
B43: Piçarras | C43: Priscila | D43: Priscila | E43: Priscila | F43: Priscila | G43: Priscila | H43: Priscila | I43: Priscila
B44: Piçarras/Penha | C44: Luiz | D44: Luiz | E44: Luiz | F44: Luiz | G44: Luiz | H44: Luiz | I44: Luiz
B45: Piçarras/Penha | C45: Jean | D45: Jean | E45: Jean | F45: Jean | G45: Jean | H45: Jean | I45: Jean
B46: Externo | C46: Diogo | D46: Diogo | E46: Diogo | F46: Diogo | G46: Diogo | H46: Diogo | I46: Diogo

Sheet Julho_21
B2: Dias | C2: Sábado | D2: Domingo | E2: Segunda-feira | F2: Terça-feira | G2: Quarta-feira | H2: Quinta-feira | I2: Sexta-feira
B3: PDV | C3: 44380 | D3: 44381 | E3: 44382 | F3: 44383 | G3: 44384 | H3: 44385 | I3: 44386
B4: Penha | C4: Andressa | D4: Andressa | E4: Andressa | F4: Andressa | G4: Andressa | H4: Andressa | I4: Andressa
B5: Penha | C5: Isadora | D5: Isadora | E5: Isadora | F5: Isadora | G5: Isadora | H5: Isadora | I5: Isadora
B6: Penha | C6: Christian | D6: Christian | E6: Christian | F6: Christian | G6: Christian | H6: Christian | I6: Christian
B7: Piçarras | C7: Miguel | D7: Miguel | E7: Miguel | F7: Miguel | G7: Miguel | H7: Miguel | I7: Miguel
B8: Piçarras | C8: Priscila | D8: Priscila | E8: Priscila | F8: Priscila | G8: Priscila | H8: Priscila | I8: Priscila
B9: Piçarras/Penha | C9: Luiz | D9: Luiz | E9: Luiz | F9: Luiz | G9: Luiz | H9: Luiz | I9: Luiz
B10: Piçarras/Penha | C10: Jean | D10: Jean | E10: Jean | F10: Jean | G10: Jean | H10: Jean | I10: Jean
B11: Externo | C11: Diogo | D11: Diogo | E11: Diogo | F11: Diogo | G11: Diogo | H11: Diogo | I11: Diogo
B13: Dias | C13: Sábado | D13: Domingo | E13: Segunda-feira | F13: Terça-feira | G13: Quarta-feira | H13: Quinta-feira | I13: Sexta-feira
B14: PDV | C14: 44387 | D14: 44388 | E14: 44389 | F14: 44390 | G14: 44391 | H14: 44392 | I14: 44393
B15: Penha | C15: Andressa | D15: Andressa | E15: Andressa | F15: Andressa | G15: Andressa | H15: Andressa | I15: Andressa
B16: Penha | C16: Isadora | D16: Isadora | E16: Isadora | F16: Isadora | G16: Isadora | H16: Isadora | I16: Isadora
B17: Penha | C17: Christian | D17: Christian | E17: Christian | F17: Christian | G17: Christian | H17: Christian | I17: Christian
B18: Piçarras | C18: Miguel | D18: Miguel | E18: Miguel | F18: Miguel | G18: Miguel | H18: Miguel | I18: Miguel
B19: Piçarras | C19: Priscila | D19: Priscila | E19: Priscila | F19: Priscila | G19: Priscila | H19: Priscila | I19: Priscila
B20: Piçarras/Penha | C20: Luiz | D20: Luiz | E20: Luiz | F20: Luiz | G20: Luiz | H20: Luiz | I20: Luiz
B21: Piçarras/Penha | C21: Jean | D21: Jean | E21: Jean | F21: Jean | G21: Jean | H21: Jean | I21: Jean
B22: Externo | C22: Diogo | D22: Diogo | E22: Diogo | F22: Diogo | G22: Diogo | H22: Diogo | I22: Diogo
B24: Dias | C24: Sábado | D24: Domingo | E24: Segunda-feira | F24: Terça-feira | G24: Quarta-feira | H24: Quinta-feira | I24: Sexta-feira
B25: PDV | C25: 44394 | D25: 44395 | E25: 44396 | F25: 44397 | G25: 44398 | H25: 44399 | I25: 44400
B26: Penha | C26: Andressa | D26: Andressa | E26: Andressa | F26: Andressa | G26: Andressa | H26: Andressa | I26: Andressa
B27: Penha | C27: Isadora | D27: Isadora | E27: Isadora | F27: Isadora | G27: Isadora | H27: Isadora | I27: Isadora
B28: Penha | C28: Christian | D28: Christian | E28: Christian | F28: Christian | G28: Christian | H28: Christian | I28: Christian
B29: Piçarras | C29: Miguel | D29: Miguel | E29: Miguel | F29: Miguel | G29: Miguel | H29: Miguel | I29: Miguel
B30: Piçarras | C30: Priscila | D30: Priscila | E30: Priscila | F30: Priscila | G30: Priscila | H30: Priscila | I30: Priscila
B31: Piçarras/Penha | C31: Luiz | D31: Luiz | E31: Luiz | F31: Luiz | G31: Luiz | H31: Luiz | I31: Luiz
B32: Piçarras/Penha | C32: Jean | D32: Jean | E32: Jean | F32: Jean | G32: Jean | H32: Jean | I32: Jean
B33: Externo | C33: Diogo | D33: Diogo | E33: Diogo | F33: Diogo | G33: Diogo | H33: Diogo | I33: Diogo
B35: Dias | C35: Sábado | D35: Domingo | E35: Segunda-feira | F35: Terça-feira | G35: Quarta-feira | H35: Quinta-feira | I35: Sexta-feira
B36: PDV | C36: 44401 | D36: 44402 | E36: 44403 | F36: 44404 | G36: 44405 | H36: 44406 | I36: 44407
B37: Penha | C37: Andressa | D37: Andressa | E37: Andressa | F37: Andressa | G37: Andressa | H37: Andressa | I37: Andressa
B38: Penha | C38: Isadora | D38: Isadora | E38: Isadora | F38: Isadora | G38: Isadora | H38: Isadora | I38: Isadora
B39: Penha | C39: Christian | D39: Christian | E39: Christian | F39: Christian | G39: Christian | H39: Christian | I39: Christian
B40: Piçarras | C40: Miguel | D40: Miguel | E40: Miguel | F40: Miguel | G40: Miguel | H40: Miguel | I40: Miguel
B41: Piçarras | C41: Priscila | D41: Priscila | E41: Priscila | F41: Priscila | G41: Priscila | H41: Priscila | I41: Priscila
B42: Piçarras/Penha | C42: Luiz | D42: Luiz | E42: Luiz | F42: Luiz | G42: Luiz | H42: Luiz | I42: Luiz
B43: Piçarras/Penha | C43: Jean | D43: Jean | E43: Jean | F43: Jean | G43: Jean | H43: Jean | I43: Jean
B44: Externo | C44: Diogo | D44: Diogo | E44: Diogo | F44: Diogo | G44: Diogo | H44: Diogo | I44: Diogo
B46: Dias | C46: Sábado | D46: Domingo | E46: Segunda-feira | F46: Terça-feira | G46: Quarta-feira | H46: Quinta-feira | I46: Sexta-feira
B47: PDV | C47: 44408 | D47: 44409 | E47: 44410 | F47: 44411 | G47: 44412 | H47: 44413 | I47: 44414
B48: Penha | C48: Andressa | D48: Andressa | E48: Andressa | F48: Andressa | G48: Andressa | H48: Andressa | I48: Andressa
B49: Penha | C49: Isadora | D49: Isadora | E49: Isadora | F49: Isadora | G49: Isadora | H49: Isadora | I49: Isadora
B50: Penha | C50: Christian | D50: Christian | E50: Christian | F50: Christian | G50: Christian | H50: Christian | I50: Christian
B51: Piçarras | C51: Miguel | D51: Miguel | E51: Miguel | F51: Miguel | G51: Miguel | H51: Miguel | I51: Miguel
B52: Piçarras | C52: Priscila | D52: Priscila | E52: Priscila | F52: Priscila | G52: Priscila | H52: Priscila | I52: Priscila
B53: Piçarras/Penha | C53: Luiz | D53: Luiz | E53: Luiz | F53: Luiz | G53: Luiz | H53: Luiz | I53: Luiz
B54: Piçarras/Penha | C54: Jean | D54: Jean | E54: Jean | F54: Jean | G54: Jean | H54: Jean | I54: Jean
B55: Externo | C55: Diogo | D55: Diogo | E55: Diogo | F55: Diogo | G55: Diogo | H55: Diogo | I55: Diogo

Sheet Agosto_21
B3: Dias | C3: Sábado | D3: Domingo | E3: Segunda-feira | F3: Terça-feira | G3: Quarta-feira | H3: Quinta-feira | I3: Sexta-feira
B4: PDV | C4: 44415 | D4: 44416 | E4: 44417 | F4: 44418 | G4: 44419 | H4: 44420 | I4: 44421
B5: Penha | C5: Andressa | D5: Andressa | E5: Andressa | F5: Andressa | G5: Andressa | H5: Andressa | I5: Andressa
B6: Penha | C6: Isadora | D6: Isadora | E6: Isadora | F6: Isadora | G6: Isadora | H6: Isadora | I6: Isadora
B7: Penha | C7: Christian | D7: Christian | E7: Christian | F7: Christian | G7: Christian | H7: Christian | I7: Christian
B8: Piçarras | C8: Emanuele | D8: Emanuele | E8: Emanuele | F8: Emanuele | G8: Emanuele | H8: Emanuele | I8: Emanuele
B9: Piçarras | C9: Miguel | D9: Miguel | E9: Miguel | F9: Miguel | G9: Miguel | H9: Miguel | I9: Miguel
B10: Piçarras | C10: Priscila | D10: Priscila | E10: Priscila | F10: Priscila | G10: Priscila | H10: Priscila | I10: Priscila
B11: Piçarras/Penha | C11: Luiz | D11: Luiz | E11: Luiz | F11: Luiz | G11: Luiz | H11: Luiz | I11: Luiz
B12: Piçarras/Penha | C12: Jean | D12: Jean | E12: Jean | F12: Jean | G12: Jean | H12: Jean | I12: Jean
B13: Externo | C13: Diogo | D13: Diogo | E13: Diogo | F13: Diogo | G13: Diogo | H13: Diogo | I13: Diogo
B15: Dias | C15: Sábado | D15: Domingo | E15: Segunda-feira | F15: Terça-feira | G15: Quarta-feira | H15: Quinta-feira | I15: Sexta-feira
B16: PDV | C16: 44422 | D16: 44423 | E16: 44424 | F16: 44425 | G16: 44426 | H16: 44427 | I16: 44428
B17: Penha | C17: Andressa | D17: Andressa | E17: Andressa | F17: Andressa | G17: Andressa | H17: Andressa | I17: Andressa
B18: Penha | C18: Isadora | D18: Isadora | E18: Isadora | F18: Isadora | G18: Isadora | H18: Isadora | I18: Isadora
B19: Penha | C19: Christian | D19: Christian | E19: Christian | F19: Christian | G19: Christian | H19: Christian | I19: Christian
B20: Piçarras | C20: Emanuele | D20: Emanuele | E20: Emanuele | F20: Emanuele | G20: Emanuele | H20: Emanuele | I20: Emanuele
B21: Piçarras | C21: Miguel | D21: Miguel | E21: Miguel | F21: Miguel | G21: Miguel | H21: Miguel | I21: Miguel
B22: Piçarras | C22: Priscila | D22: Priscila | E22: Priscila | F22: Priscila | G22: Priscila | H22: Priscila | I22: Priscila
B23: Piçarras/Penha | C23: Luiz | D23: Luiz | E23: Luiz | F23: Luiz | G23: Luiz | H23: Luiz | I23: Luiz
B24: Piçarras/Penha | C24: Jean | D24: Jean | E24: Jean | F24: Jean | G24: Jean | H24: Jean | I24: Jean
B25: Externo | C25: Diogo | D25: Diogo | E25: Diogo | F25: Diogo | G25: Diogo | H25: Diogo | I25: Diogo
B27: Dias | C27: Sábado | D27: Domingo | E27: Segunda-feira | F27: Terça-feira | G27: Quarta-feira | H27: Quinta-feira | I27: Sexta-feira
B28: PDV | C28: 44429 | D28: 44430 | E28: 44431 | F28: 44432 | G28: 44433 | H28: 44434 | I28: 44435
B29: Penha | C29: Andressa | D29: Andressa | E29: Andressa | F29: Andressa | G29: Andressa | H29: Andressa | I29: Andressa
B30: Penha | C30: Isadora | D30: Isadora | E30: Isadora | F30: Isadora | G30: Isadora | H30: Isadora | I30: Isadora
B31: Penha | C31: Christian | D31: Christian | E31: Christian | F31: Christian | G31: Christian | H31: Christian | I31: Christian
B32: Piçarras | C32: Emanuele | D32: Emanuele | E32: Emanuele | F32: Emanuele | G32: Emanuele | H32: Emanuele | I32: Emanuele
B33: Piçarras | C33: Miguel | D33: Miguel | E33: Miguel | F33: Miguel | G33: Miguel | H33: Miguel | I33: Miguel
B34: Piçarras | C34: Priscila | D34: Priscila | E34: Priscila | F34: Priscila | G34: Priscila | H34: Priscila | I34: Priscila
B35: Piçarras/Penha | C35: Luiz | D35: Luiz | E35: Luiz | F35: Luiz | G35: Luiz | H35: Luiz | I35: Luiz
B36: Piçarras/Penha | C36: Jean | D36: Jean | E36: Jean | F36: Jean | G36: Jean | H36: Jean | I36: Jean
B37: Externo | C37: Diogo | D37: Diogo | E37: Diogo | F37: Diogo | G37: Diogo | H37: Diogo | I37: Diogo
B39: Dias | C39: Sábado | D39: Domingo | E39: Segunda-feira | F39: Terça-feira | G39: Quarta-feira | H39: Quinta-feira | I39: Sexta-feira
B40: PDV | C40: 44436 | D40: 44437 | E40: 44438 | F40: 44439 | G40: 44440 | H40: 44441 | I40: 44442
B41: Penha | C41: Andressa | D41: Andressa | E41: Andressa | F41: Andressa | G41: Andressa | H41: Andressa | I41: Andressa
B42: Penha | C42: Isadora | D42: Isadora | E42: Isadora | F42: Isadora | G42: Isadora | H42: Isadora | I42: Isadora
B43: Penha | C43: Christian | D43: Christian | E43: Christian | F43: Christian | G43: Christian | H43: Christian | I43: Christian
B44: Piçarras | C44: Emanuele | D44: Emanuele | E44: Emanuele | F44: Emanuele | G44: Emanuele | H44: Emanuele | I44: Emanuele
B45: Piçarras | C45: Miguel | D45: Miguel | E45: Miguel | F45: Miguel | G45: Miguel | H45: Miguel | I45: Miguel
B46: Piçarras | C46: Priscila | D46: Priscila | E46: Priscila | F46: Priscila | G46: Priscila | H46: Priscila | I46: Priscila
B47: Piçarras/Penha | C47: Luiz | D47: Luiz | E47: Luiz | F47: Luiz | G47: Luiz | H47: Luiz | I47: Luiz
B48: Piçarras/Penha | C48: Jean | D48: Jean | E48: Jean | F48: Jean | G48: Jean | H48: Jean | I48: Jean
B49: Externo | C49: Diogo | D49: Diogo | E49: Diogo | F49: Diogo | G49: Diogo | H49: Diogo | I49: Diogo

Sheet Setembro_21
B3: Dias | C3: Sábado | D3: Domingo | E3: Segunda-feira | F3: Terça-feira | G3: Quarta-feira | H3: Quinta-feira | I3: Sexta-feira
B4: PDV | C4: 44443 | D4: 44444 | E4: 44445 | F4: 44446 | G4: 44447 | H4: 44448 | I4: 44449
B5: Penha | C5: Andressa | D5: Andressa | E5: Andressa | F5: Andressa | G5: Andressa | H5: Andressa | I5: Andressa
B6: Penha | C6: Isadora | D6: Isadora | E6: Isadora | F6: Isadora | G6: Isadora | H6: Isadora | I6: Isadora
B7: Penha | C7: Christian | D7: Christian | E7: Christian | F7: Christian | G7: Christian | H7: Christian | I7: Christian
B8: Piçarras | C8: Janaina | D8: Janaina | E8: Janaina | F8: Janaina | G8: Janaina | H8: Janaina | I8: Janaina
B9: Piçarras | C9: Miguel | D9: Miguel | E9: Miguel | F9: Miguel | G9: Miguel | H9: Miguel | I9: Miguel
B10: Piçarras | C10: Priscila | D10: Priscila | E10: Priscila | F10: Priscila | G10: Priscila | H10: Priscila | I10: Priscila
B11: Piçarras/Penha | C11: Luiz | D11: Luiz | E11: Luiz | F11: Luiz | G11: Luiz | H11: Luiz | I11: Luiz
B12: Piçarras/Penha | C12: Jean | D12: Jean | E12: Jean | F12: Jean | G12: Jean | H12: Jean | I12: Jean
B13: Externo | C13: Diogo | D13: Diogo | E13: Diogo | F13: Diogo | G13: Diogo | H13: Diogo | I13: Diogo
B15: Dias | C15: Sábado | D15: Domingo | E15: Segunda-feira | F15: Terça-feira | G15: Quarta-feira | H15: Quinta-feira | I15: Sexta-feira
B16: PDV | C16: 44450 | D16: 44451 | E16: 44452 | F16: 44453 | G16: 44454 | H16: 44455 | I16: 44456
B17: Penha | C17: Andressa | D17: Andressa | E17: Andressa | F17: Andressa | G17: Andressa | H17: Andressa | I17: Andressa
B18: Penha | C18: Isadora | D18: Isadora | E18: Isadora | F18: Isadora | G18: Isadora | H18: Isadora | I18: Isadora
B19: Penha | C19: Christian | D19: Christian | E19: Christian | F19: Christian | G19: Christian | H19: Christian | I19: Christian
B20: Piçarras | C20: Janaina | D20: Janaina | E20: Janaina | F20: Janaina | G20: Janaina | H20: Janaina | I20: Janaina
B21: Piçarras | C21: Miguel | D21: Miguel | E21: Miguel | F21: Miguel | G21: Miguel | H21: Miguel | I21: Miguel
B22: Piçarras | C22: Priscila | D22: Priscila | E22: Priscila | F22: Priscila | G22: Priscila | H22: Priscila | I22: Priscila
B23: Piçarras/Penha | C23: Luiz | D23: Luiz | E23: Luiz | F23: Luiz | G23: Luiz | H23: Luiz | I23: Luiz
B24: Piçarras/Penha | C24: Jean | D24: Jean | E24: Jean | F24: Jean | G24: Jean | H24: Jean | I24: Jean
B25: Externo | C25: Diogo | D25: Diogo | E25: Diogo | F25: Diogo | G25: Diogo | H25: Diogo | I25: Diogo
B27: Dias | C27: Sábado | D27: Domingo | E27: Segunda-feira | F27: Terça-feira | G27: Quarta-feira | H27: Quinta-feira | I27: Sexta-feira
B28: PDV | C28: 44457 | D28: 44458 | E28: 44459 | F28: 44460 | G28: 44461 | H28: 44462 | I28: 44463
B29: Penha | C29: Andressa | D29: Andressa | E29: Andressa | F29: Andressa | G29: Andressa | H29: Andressa | I29: Andressa
B30: Penha | C30: Isadora | D30: Isadora | E30: Isadora | F30: Isadora | G30: Isadora | H30: Isadora | I30: Isadora
B31: Penha | C31: Christian | D31: Christian | E31: Christian | F31: Christian | G31: Christian | H31: Christian | I31: Christian
B32: Piçarras | C32: Janaina | D32: Janaina | E32: Janaina | F32: Janaina | G32: Janaina | H32: Janaina | I32: Janaina
B33: Piçarras | C33: Miguel | D33: Miguel | E33: Miguel | F33: Miguel | G33: Miguel | H33: Miguel | I33: Miguel
B34: Piçarras | C34: Priscila | D34: Priscila | E34: Priscila | F34: Priscila | G34: Priscila | H34: Priscila | I34: Priscila
B35: Piçarras/Penha | C35: Luiz | D35: Luiz | E35: Luiz | F35: Luiz | G35: Luiz | H35: Luiz | I35: Luiz
B36: Piçarras/Penha | C36: Jean | D36: Jean | E36: Jean | F36: Jean | G36: Jean | H36: Jean | I36: Jean
B37: Externo | C37: Diogo | D37: Diogo | E37: Diogo | F37: Diogo | G37: Diogo | H37: Diogo | I37: Diogo
B39: Dias | C39: Sábado | D39: Domingo | E39: Segunda-feira | F39: Terça-feira | G39: Quarta-feira | H39: Quinta-feira | I39: Sexta-feira
B40: PDV | C40: 44464 | D40: 44465 | E40: 44466 | F40: 44467 | G40: 44468 | H40: 44469 | I40: 44470
B41: Penha | C41: Andressa | D41: Andressa | E41: Andressa | F41: Andressa | G41: Andressa | H41: Andressa | I41: Andressa
B42: Penha | C42: Isadora | D42: Isadora | E42: Isadora | F42: Isadora | G42: Isadora | H42: Isadora | I42: Isadora
B43: Penha | C43: Christian | D43: Christian | E43: Christian | F43: Christian | G43: Christian | H43: Christian | I43: Christian
B44: Piçarras | C44: Janaina | D44: Janaina | E44: Janaina | F44: Janaina | G44: Janaina | H44: Janaina | I44: Janaina
B45: Piçarras | C45: Miguel | D45: Miguel | E45: Miguel | F45: Miguel | G45: Miguel | H45: Miguel | I45: Miguel
B46: Piçarras | C46: Priscila | D46: Priscila | E46: Priscila | F46: Priscila | G46: Priscila | H46: Priscila | I46: Priscila
B47: Piçarras/Penha | C47: Luiz | D47: Luiz | E47: Luiz | F47: Luiz | G47: Luiz | H47: Luiz | I47: Luiz
B48: Piçarras/Penha | C48: Jean | D48: Jean | E48: Jean | F48: Jean | G48: Jean | H48: Jean | I48: Jean
B49: Externo | C49: Diogo | D49: Diogo | E49: Diogo | F49: Diogo | G49: Diogo | H49: Diogo | I49: Diogo

Sheet Outubro_21
B1: ESCALA DE TRABALHO - OUTUBRO_2021
K2: Eventos do mês
B3: Plantões | C3: Sábado | D3: Domingo | E3: Segunda-feira | F3: Terça-feira | G3: Quarta-feira | H3: Quinta-feira | I3: Sexta-feira | K3: 04/10 - Inicio Luis Gustavo (Coordenador Piçarras)
C4: 44471 | D4: 44472 | E4: 44473 | F4: 44474 | G4: 44475 | H4: 44476 | I4: 44477 | K4: 8, 9 e 10/10 - Agenda de brindes
B5: Penha | C5: Andressa | D5: FOLGA | E5: Andressa | F5: Andressa | G5: Andressa | H5: Andressa | I5: FOLGA | K5: 18/10 - Início Luana, Karla e Mariane
C6: Isadora | D6: FOLGA | E6: FOLGA | F6: Isadora | G6: Isadora | H6: Isadora | I6: Isadora
C7: Christian | D7: Christian | E7: Christian | F7: FOLGA | G7: Christian | H7: Christian | I7: Christian
B8: Piçarras | C8: Janaina | D8: FOLGA | E8: FOLGA | F8: Janaina | G8: Janaina | H8: Janaina | I8: Janaina
C9: Priscila | D9: Priscila | E9: Priscila | F9: Priscila | G9: FOLGA | H9: Priscila | I9: Priscila
C10: Miguel | D10: Miguel | E10: Miguel | F10: FOLGA | G10: Miguel | H10: Miguel | I10: Miguel
E11: Luis Gustavo | F11: Luis Gustavo | G11: Luis Gustavo | H11: Luis Gustavo | I11: Luis Gustavo
B12: Piçarras/Penha | C12: Luiz | D12: Luiz | E12: Luiz | F12: Luiz | G12: FOLGA | H12: Luiz | I12: Luiz
C13: Jean | D13: Jean | E13: FOLGA | F13: Jean | G13: Jean | H13: Jean | I13: Jean
B14: Externo | C14: Diogo | D14: Diogo | E14: FOLGA | F14: Diogo | G14: Diogo | H14: Diogo | I14: Diogo
B15: Plantões | C15: Sábado | D15: Domingo | E15: Segunda-feira | F15: Terça-feira | G15: Quarta-feira | H15: Quinta-feira | I15: Sexta-feira
C16: 44478 | D16: 44479 | E16: 44480 | F16: 44481 | G16: 44482 | H16: 44483 | I16: 44484
B17: Penha | C17: FOLGA | D17: FOLGA | E17: Andressa | F17: Andressa | G17: Andressa | H17: Andressa | I17: Andressa
C18: FOLGA | D18: Isadora | E18: Isadora | F18: FOLGA | G18: Isadora | H18: Isadora | I18: Isadora
C19: Christian | D19: Christian | E19: FOLGA | F19: FOLGA | G19: Christian | H19: Christian | I19: Christian
B20: Piçarras | C20: Janaina | D20: FOLGA | E20: Janaina | F20: FOLGA | G20: Janaina | H20: Janaina | I20: Janaina
C21: Priscila | D21: FOLGA | E21: FOLGA | F21: Priscila | G21: Priscila | H21: Priscila | I21: Priscila
C22: Miguel | D22: Miguel | E22: FOLGA | F22: FOLGA | G22: Miguel | H22: Miguel | I22: Miguel
C23: Luis Gustavo | D23: Luis Gustavo | E23: Luis Gustavo | F23: FOLGA | G23: Luis Gustavo | H23: Luis Gustavo | I23: Luis Gustavo
B24: Piçarras/Penha | C24: Luiz | D24: Luiz | E24: Luiz | F24: Luiz | G24: FOLGA | H24: Luiz | I24: Luiz
C25: Jean | D25: Jean | E25: Jean | F25: FOLGA | G25: Jean | H25: Jean | I25: Jean
B26: Externo | C26: Diogo | D26: FOLGA | E26: FOLGA | F26: Diogo | G26: Diogo | H26: Diogo | I26: Diogo
B27: Plantões | C27: Sábado | D27: Domingo | E27: Segunda-feira | F27: Terça-feira | G27: Quarta-feira | H27: Quinta-feira | I27: Sexta-feira
C28: 44485 | D28: 44486 | E28: 44487 | F28: 44488 | G28: 44489 | H28: 44490 | I28: 44491
B29: Penha | C29: FOLGA | D29: FOLGA | E29: Andressa | F29: Andressa | G29: Andressa | H29: Andressa | I29: Andressa
C30: Isadora | D30: FOLGA | E30: FOLGA | F30: Isadora | G30: Isadora | H30: Isadora | I30: Isadora
E31: Luana | F31: Luana | G31: Luana | H31: Luana | I31: Luana
C32: Christian | D32: Christian | E32: Christian | F32: FOLGA | G32: Christian | H32: Christian | I32: Christian
B33: Piçarras | C33: FOLGA | D33: FOLGA | E33: Janaina | F33: Janaina | G33: Janaina | H33: Janaina | I33: Janaina
C34: Priscila | D34: Priscila | E34: Priscila | F34: Priscila | G34: Priscila | H34: Priscila | I34: Priscila
E35: Karla | F35: Karla | G35: Karla | H35: Karla | I35: Karla
E36: Mariane | F36: Mariane | G36: Mariane | H36: Mariane | I36: Mariane
C37: Miguel | D37: Miguel | E37: Miguel | F37: FOLGA | G37: Miguel | H37: Miguel | I37: Miguel
C38: FOLGA | D38: FOLGA | E38: Luis Gustavo | F38: Luis Gustavo | G38: Luis Gustavo | H38: Luis Gustavo | I38: Luis Gustavo
B39: Piçarras/Penha | C39: Luiz | D39: FOLGA | E39: Luiz | F39: Luiz | G39: Luiz | H39: Luiz | I39: Luiz
C40: Jean | D40: Jean | E40: FOLGA | F40: Jean | G40: Jean | H40: Jean | I40: Jean
B41: Externo | C41: Diogo | D41: FOLGA | E41: FOLGA | F41: Diogo | G41: Diogo | H41: Diogo | I41: Diogo
B42: Plantões | C42: Sábado | D42: Domingo | E42: Segunda-feira | F42: Terça-feira | G42: Quarta-feira | H42: Quinta-feira | I42: Sexta-feira
C43: 44492 | D43: 44493 | E43: 44494 | F43: 44495 | G43: 44496 | H43: 44497 | I43: 44498
B44: Penha | C44: FOLGA | D44: FOLGA | E44: Andressa | F44: Andressa | G44: Andressa | H44: Andressa | I44: Andressa
C45: FOLGA | D45: Isadora | E45: Isadora | F45: FOLGA | G45: Isadora | H45: Isadora | I45: Isadora
C46: Luana | D46: FOLGA | E46: FOLGA | F46: Luana | G46: Luana | H46: Luana | I46: Luana
C47: Christian | D47: FOLGA | E47: FOLGA | F47: Christian | G47: Christian | H47: Christian | I47: Christian
B48: Piçarras | C48: Janaina | D48: FOLGA | E48: Janaina | F48: FOLGA | G48: Janaina | H48: Janaina | I48: Janaina
C49: FOLGA | D49: Karla | E49: Karla | F49: FOLGA | G49: Karla | H49: Karla | I49: Karla
C50: Mariane | D50: FOLGA | E50: FOLGA | F50: Mariane | G50: Mariane | H50: Mariane | I50: Mariane
C51: Miguel | D51: FOLGA | E51: FOLGA | F51: Miguel | G51: Miguel | H51: Miguel | I51: Miguel
C52: Luis Gustavo | D52: Luis Gustavo | E52: Luis Gustavo | F52: FOLGA | G52: Luis Gustavo | H52: Luis Gustavo | I52: Luis Gustavo
B53: Piçarras/Penha | C53: Luiz | D53: FOLGA | E53: FOLGA | F53: Luiz | G53: Luiz | H53: Luiz | I53: Luiz
C54: FOLGA | D54: FOLGA | E54: Jean | F54: Jean | G54: Jean | H54: Jean | I54: Jean
B55: Externo | C55: Diogo | D55: Diogo | E55: Diogo | F55: FOLGA | G55: Diogo | H55: Diogo | I55: Diogo
B56: Plantões | C56: Sábado | D56: Domingo | E56: Segunda-feira | F56: Terça-feira | G56: Quarta-feira | H56: Quinta-feira | I56: Sexta-feira
C57: 44499 | D57: 44500 | E57: 44501 | F57: 44502
B58: Penha | C58: FOLGA | D58: FOLGA
C59: Isadora | D59: FOLGA
C60: FOLGA | D60: Luana
C61: Christian | D61: Christian
B62: Piçarras | C62: FOLGA | D62: FOLGA
C63: Karla | D63: FOLGA
C64: FOLGA | D64: Mariane
C65: Miguel | D65: Miguel
C66: Luis Gustavo | D66: FOLGA
B67: Piçarras/Penha | C67: FOLGA | D67: FOLGA
C68: Jean | D68: Jean
B69: Externo | C69: Diogo | D69: FOLGA

Sheet Novembro_21
B1: ESCALA DE TRABALHO - NOVEMBRO_2021
K2: Eventos do mês
B3: Plantões | C3: Sábado | D3: Domingo | E3: Segunda-feira | F3: Terça-feira | G3: Quarta-feira | H3: Quinta-feira | I3: Sexta-feira | K3: 44502 | L3: Finados (feriado nacional)
C4: 44499 | D4: 44500 | E4: 44501 | F4: 02/Nov Feriado | G4: 44503 | H4: 44504 | I4: 44505 | K4: 44505 | L4: 10 Anos Vetter
B5: Penha | E5: Andressa | F5: Andressa | G5: Andressa | H5: Andressa | I5: Andressa | K5: 44515 | L5: Proclamação da República (feriado nacional)
D6: FOLGA | E6: FOLGA | F6: Isadora | G6: Isadora | H6: Isadora | I6: FOLGA
C7: FOLGA | E7: Luana | F7: FOLGA | G7: Luana | H7: FOLGA | I7: Luana
E8: Christian | F8: FOLGA | G8: Christian | H8: Christian | I8: Christian
B9: Piçarras | E9: Janaina | F9: FOLGA | G9: Janaina | H9: Janaina | I9: Janaina
D10: FOLGA | E10: FOLGA | F10: Karla | G10: Karla | H10: Karla | I10: FOLGA
C11: FOLGA | E11: Mariane | F11: Mariane | G11: FOLGA | H11: FOLGA | I11: Mariane
E12: Miguel | F12: FOLGA | G12: Miguel | H12: Miguel | I12: Miguel
D13: verificar | E13: verificar | F13: Luis Gustavo | G13: Luis Gustavo | H13: Luis Gustavo | I13: Luis Gustavo
B14: Piçarras/Penha | E14: Luiz | F14: Luiz | G14: Luiz | H14: Luiz | I14: Luiz
E15: Jean | F15: FOLGA | G15: Jean | H15: Jean | I15: Jean
B16: Externo | D16: verificar | E16: verificar | F16: Diogo - Penha | G16: Diogo | H16: Diogo | I16: Diogo
B17: Plantões | C17: Sábado | D17: Domingo | E17: Segunda-feira | F17: Terça-feira | G17: Quarta-feira | H17: Quinta-feira | I17: Sexta-feira
C18: 44506 | D18: 44507 | E18: 44508 | F18: 44509 | G18: 44510 | H18: 44511 | I18: 44512
B19: Penha | C19: FOLGA | D19: FOLGA | E19: Andressa | F19: Andressa | G19: Andressa | H19: Andressa | I19: Andressa
C20: FOLGA | D20: Isadora | E20: Isadora | F20: FOLGA | G20: Isadora | H20: Isadora | I20: Isadora
C21: Luana | D21: FOLGA | E21: FOLGA | F21: Luana | G21: Luana | H21: Luana | I21: Luana
C22: Christian | D22: FOLGA | E22: FOLGA | F22: Christian | G22: Christian | H22: Christian | I22: Christian
B23: Piçarras | C23: FOLGA | D23: FOLGA | E23: Janaina | F23: Janaina | G23: Janaina | H23: Janaina | I23: Janaina
C24: FOLGA | D24: Karla | E24: Karla | F24: FOLGA | G24: Karla | H24: Karla | I24: Karla
C25: Mariane | D25: FOLGA | E25: FOLGA | F25: Mariane | G25: Mariane | H25: Mariane | I25: Mariane
C26: Miguel | D26: FOLGA | E26: FOLGA | F26: Miguel | G26: Miguel | H26: Miguel | I26: Miguel
C27: Luis Gustavo | D27: Luis Gustavo | E27: Luis Gustavo | F27: FOLGA | G27: Luis Gustavo | H27: Luis Gustavo | I27: Luis Gustavo
B28: Piçarras/Penha | C28: FOLGA | D28: FOLGA | E28: Luiz | F28: Luiz | G28: Luiz | H28: Luiz | I28: Luiz
C29: Jean | D29: FOLGA | E29: FOLGA | F29: Jean | G29: Jean | H29: Jean | I29: Jean
B30: Externo | C30: Diogo | D30: Diogo | E30: Diogo | F30: FOLGA | G30: Diogo | H30: Diogo | I30: Diogo
B31: Plantões | C31: Sábado | D31: Domingo | E31: Segunda-feira | F31: Terça-feira | G31: Quarta-feira | H31: Quinta-feira | I31: Sexta-feira
C32: 44513 | D32: 44514 | E32: 15/nov Feriado | F32: 44516 | G32: 44517 | H32: 44518 | I32: 44519
B33: Penha | C33: FOLGA | D33: FOLGA | E33: Andressa | F33: Andressa | G33: Andressa | H33: Andressa | I33: Andressa
C34: Isadora | D34: FOLGA | E34: FOLGA | F34: Isadora | G34: Isadora | H34: FOLGA | I34: Isadora
C35: FOLGA | D35: Luana | E35: Luana | F35: FOLGA | G35: Luana | H35: Luana | I35: FOLGA
C36: Christian | D36: Christian | E36: Christian | F36: FOLGA | G36: Christian | H36: Christian | I36: Christian
B37: Piçarras | C37: FOLGA | D37: FOLGA | E37: FOLGA | F37: Janaina | G37: Janaina | H37: Janaina | I37: Janaina
C38: Karla | D38: FOLGA | E38: FOLGA | F38: Karla | G38: Karla | H38: Karla | I38: Karla
C39: FOLGA | D39: Mariane | E39: Mariane | F39: Mariane | G39: Mariane | H39: FOLGA | I39: FOLGA
C40: Miguel | D40: Miguel | E40: Miguel | F40: FOLGA | G40: Miguel | H40: Miguel | I40: Miguel
C41: Luis Gustavo | D41: FOLGA | E41: FOLGA | F41: Luis Gustavo | G41: Luis Gustavo | H41: Luis Gustavo | I41: Luis Gustavo
B42: Piçarras/Penha | C42: FOLGA | D42: FOLGA | E42: Luiz | F42: Luiz | G42: Luiz | H42: Luiz | I42: Luiz
C43: Jean | D43: Jean | E43: Jean | F43: FOLGA | G43: Jean | H43: Jean | I43: Jean
B44: Externo | C44: Diogo | D44: FOLGA | E44: FOLGA | F44: Diogo | G44: Diogo | H44: Diogo | I44: Diogo
B45: Plantões | C45: Sábado | D45: Domingo | E45: Segunda-feira | F45: Terça-feira | G45: Quarta-feira | H45: Quinta-feira | I45: Sexta-feira
C46: 44520 | D46: 44521 | E46: 44522 | F46: 44523 | G46: 44524 | H46: 44525 | I46: 44526
B47: Penha | C47: FOLGA | D47: FOLGA | E47: Andressa | F47: Andressa | G47: Andressa | H47: Andressa | I47: Andressa
C48: FOLGA | D48: Isadora | E48: Isadora | F48: FOLGA | G48: Isadora | H48: Isadora | I48: Isadora
C49: Luana | D49: FOLGA | E49: FOLGA | F49: Luana | G49: Luana | H49: Luana | I49: Luana
C50: Christian | D50: FOLGA | E50: FOLGA | F50: Christian | G50: Christian | H50: Christian | I50: Christian
B51: Piçarras | C51: FOLGA | D51: FOLGA | E51: Janaina | F51: Janaina | G51: Janaina | H51: Janaina | I51: Janaina
C52: FOLGA | D52: Karla | E52: Karla | F52: FOLGA | G52: Karla | H52: FOLGA | I52: Karla
C53: Mariane | D53: FOLGA | E53: FOLGA | F53: Mariane | G53: Mariane | H53: Mariane | I53: Mariane
C54: Miguel | D54: FOLGA | E54: FOLGA | F54: Miguel | G54: Miguel | H54: Miguel | I54: Miguel
C55: Luis Gustavo | D55: Luis Gustavo | E55: Luis Gustavo | F55: FOLGA | G55: Luis Gustavo | H55: Luis Gustavo | I55: Luis Gustavo
B56: Piçarras/Penha | C56: FOLGA | D56: FOLGA | E56: Luiz | F56: Luiz | G56: Luiz | H56: Luiz | I56: Luiz
C57: Jean | D57: FOLGA | E57: FOLGA | F57: Jean | G57: Jean | H57: Jean | I57: Jean
B58: Externo | C58: Diogo | D58: Diogo | E58: Diogo | F58: FOLGA | G58: Diogo | H58: Diogo | I58: Diogo
B59: Plantões | C59: Sábado | D59: Domingo | E59: Segunda-feira | F59: Terça-feira | G59: Quarta-feira | H59: Quinta-feira | I59: Sexta-feira
C60: 44527 | D60: 44528 | E60: 44529 | F60: 44530
B61: Penha | C61: FOLGA | D61: FOLGA | E61: Andressa | F61: Andressa
C62: Isadora | D62: FOLGA | E62: FOLGA | F62: Isadora
C63: FOLGA | D63: Luana | E63: Luana | F63: FOLGA
C64: Christian | D64: Christian | E64: Christian | F64: FOLGA
B65: Piçarras | C65: FOLGA | D65: FOLGA | E65: Janaina | F65: Janaina
C66: Karla | D66: FOLGA | E66: FOLGA | F66: Karla
C67: FOLGA | D67: Mariane | E67: Mariane | F67: FOLGA
C68: Miguel | D68: Miguel | E68: Miguel | F68: FOLGA
C69: Luis Gustavo | D69: FOLGA | E69: FOLGA | F69: Luis Gustavo
B70: Piçarras/Penha | C70: FOLGA | D70: FOLGA | E70: Luiz | F70: Luiz
C71: Jean | D71: Jean | E71: Jean | F71: FOLGA
B72: Externo | C72: Diogo | D72: FOLGA | E72: FOLGA | F72: Diogo

Sheet Dezembro_21
B1: ESCALA DE TRABALHO - DEZEMBRO_2021
B3: Plantões | C3: Sábado | D3: Domingo | E3: Segunda-feira | F3: Terça-feira | G3: Quarta-feira | H3: Quinta-feira | I3: Sexta-feira | K3: Eventos do mês
G4: 44531 | H4: 44532 | I4: 44533 | K4: 44544 | L4: Aniversário Piçarras
B5: Penha | G5: Andressa | H5: Andressa | I5: Andressa | K5: 44555 | L5: Natal
G6: Isadora | H6: Isadora | I6: Isadora
G7: Luana | H7: Luana | I7: Luana
G8: Christian | H8: Christian | I8: Christian
B9: Piçarras | G9: Karla | H9: Karla | I9: Karla
G10: Mariane | H10: Mariane | I10: Mariane
G11: Miguel | H11: Miguel | I11: Miguel
G12: Luis Gustavo | H12: Luis Gustavo | I12: Luis Gustavo
B13: Piçarras/Penha | G13: Luiz | H13: Luiz | I13: Luiz
G14: Jean | H14: Jean | I14: Jean
B15: Externo | G15: Diogo | H15: Diogo | I15: Diogo
B16: Plantões | C16: Sábado | D16: Domingo | E16: Segunda-feira | F16: Terça-feira | G16: Quarta-feira | H16: Quinta-feira | I16: Sexta-feira
C17: 44534 | D17: 44535 | E17: 44536 | F17: 44537 | G17: 44538 | H17: 44539 | I17: 44540
B18: Penha | C18: FOLGA | D18: FOLGA | E18: Andressa | F18: Andressa | G18: Andressa | H18: Andressa | I18: Andressa
C19: FOLGA | D19: Isadora | E19: Isadora | F19: FOLGA | G19: Isadora | H19: Isadora | I19: Isadora
C20: Luana | D20: FOLGA | E20: FOLGA | F20: Luana | G20: Luana | H20: Luana | I20: Luana
C21: Christian | D21: FOLGA | E21: FOLGA | F21: Christian | G21: Christian | H21: Christian | I21: Christian
B22: Piçarras | C22: FOLGA | D22: FOLGA | E22: Karla | F22: Karla | G22: Karla | H22: Karla | I22: Karla
C23: Mariane | D23: Mariane | E23: FOLGA | F23: FOLGA | G23: Mariane | H23: Mariane | I23: Mariane
C24: Miguel | D24: FOLGA | E24: FOLGA | F24: Miguel | G24: Miguel | H24: Miguel | I24: Miguel
C25: Luis Gustavo | D25: Luis Gustavo | E25: Luis Gustavo | F25: FOLGA | G25: Luis Gustavo | H25: Luis Gustavo | I25: Luis Gustavo
B26: Piçarras/Penha | C26: FOLGA | D26: FOLGA | E26: Luiz | F26: Luiz | G26: Luiz | H26: Luiz | I26: Luiz
C27: Jean | D27: FOLGA | E27: FOLGA | F27: Jean | G27: Jean | H27: Jean | I27: Jean
B28: Externo | C28: Diogo | D28: Diogo | E28: Diogo | F28: FOLGA | G28: Diogo | H28: Diogo | I28: Diogo
B29: Plantões | C29: Sábado | D29: Domingo | E29: Segunda-feira | F29: Terça-feira | G29: Quarta-feira | H29: Quinta-feira | I29: Sexta-feira
C30: 44541 | D30: 44542 | E30: 44543 | F30: 44544 | G30: 44545 | H30: 44546 | I30: 44547
B31: Penha | C31: FOLGA | D31: FOLGA | E31: Andressa | F31: Andressa | G31: Andressa | H31: Andressa | I31: Andressa
C32: Isadora | D32: FOLGA | E32: FOLGA | F32: Isadora | G32: Isadora | H32: Isadora | I32: Isadora
C33: FOLGA | D33: Luana | E33: Luana | F33: FOLGA | G33: Luana | H33: Luana | I33: Luana
C34: Christian | D34: Christian | E34: Christian | F34: FOLGA | G34: Christian | H34: Christian | I34: Christian
B35: Piçarras | C35: Karla | D35: FOLGA | E35: FOLGA | F35: Karla | G35: Karla | H35: Karla | I35: FOLGA
C36: FOLGA | D36: Mariane | E36: Mariane | F36: FOLGA | G36: Mariane | H36: FOLGA | I36: Mariane
C37: Miguel | D37: Miguel | E37: Miguel | F37: FOLGA | G37: Miguel | H37: Miguel | I37: Miguel
C38: Luis Gustavo | D38: FOLGA | E38: FOLGA | F38: Luis Gustavo | G38: Luis Gustavo | H38: Luis Gustavo | I38: Luis Gustavo
B39: Piçarras/Penha | C39: FOLGA | D39: FOLGA | E39: Luiz | F39: Luiz | G39: Luiz | H39: Luiz | I39: Luiz
C40: Jean | D40: Jean | E40: Jean | F40: FOLGA | G40: Jean | H40: Jean | I40: Jean
B41: Externo | C41: Diogo | D41: FOLGA | E41: FOLGA | F41: Diogo | G41: Diogo | H41: Diogo | I41: Diogo
B42: Plantões | C42: Sábado | D42: Domingo | E42: Segunda-feira | F42: Terça-feira | G42: Quarta-feira | H42: Quinta-feira | I42: Sexta-feira
C43: 44548 | D43: 44549 | E43: 44550 | F43: 44551 | G43: 44552 | H43: 44553 | I43: 44554
B44: Penha | C44: FOLGA | D44: FOLGA | E44: Andressa | F44: Andressa | G44: Andressa | H44: Andressa | I44: Andressa
C45: FOLGA | D45: Isadora | E45: Isadora | F45: FOLGA | G45: Isadora | H45: Isadora | I45: Isadora
C46: Luana | D46: FOLGA | E46: FOLGA | F46: Luana | G46: Luana | H46: Luana | I46: Luana
C47: Christian | D47: FOLGA | E47: FOLGA | F47: Christian | G47: Christian | H47: Christian | I47: Christian
B48: Piçarras | C48: Karla | D48: Karla | E48: FOLGA | F48: FOLGA | G48: Karla | H48: Karla | I48: Karla
C49: FOLGA | D49: FOLGA | E49: Mariane | F49: Mariane | G49: Mariane | H49: Mariane | I49: Mariane
C50: Miguel | D50: FOLGA | E50: FOLGA | F50: Miguel | G50: Miguel | H50: Miguel | I50: Miguel
C51: Luis Gustavo | D51: Luis Gustavo | E51: Luis Gustavo | F51: FOLGA | G51: Luis Gustavo | H51: Luis Gustavo | I51: Luis Gustavo
B52: Piçarras/Penha | C52: FOLGA | D52: FOLGA | E52: Luiz | F52: Luiz | G52: Luiz | H52: Luiz | I52: Luiz
C53: Jean | D53: FOLGA | E53: FOLGA | F53: Jean | G53: Jean | H53: Jean | I53: Jean
B54: Externo | C54: Diogo | D54: Diogo | E54: Diogo | F54: FOLGA | G54: Diogo | H54: Diogo | I54: Diogo
B55: Plantões | C55: Sábado | D55: Domingo | E55: Segunda-feira | F55: Terça-feira | G55: Quarta-feira | H55: Quinta-feira | I55: Sexta-feira
C56: 44555 | D56: 44556 | E56: 44557 | F56: 44558 | G56: 44559 | H56: 44560 | I56: 44561
B57: Penha | C57: FOLGA | D57: FOLGA | E57: Andressa | F57: Andressa | G57: Andressa | H57: Andressa | I57: Andressa
C58: FOLGA | D58: FOLGA | E58: FOLGA | F58: Isadora | G58: Isadora | H58: Isadora | I58: Isadora
C59: FOLGA | D59: Luana | E59: Luana | F59: FOLGA | G59: FOLGA | H59: Luana | I59: Luana
C60: FOLGA | D60: Christian | E60: Christian | F60: FOLGA | G60: Christian | H60: Christian | I60: Christian
B61: Piçarras | C61: FOLGA | D61: FOLGA | E61: FOLGA | F61: Karla | G61: Karla | H61: Karla | I61: Karla
C62: FOLGA | D62: Mariane | E62: Mariane | F62: FOLGA | G62: FOLGA | H62: Mariane | I62: Mariane
C63: FOLGA | D63: Miguel | E63: Miguel | F63: FOLGA | G63: Miguel | H63: Miguel | I63: Miguel
C64: FOLGA | D64: FOLGA | E64: FOLGA | F64: Luis Gustavo | G64: Luis Gustavo | H64: Luis Gustavo | I64: Luis Gustavo
B65: Piçarras/Penha | C65: FOLGA | D65: FOLGA | E65: Luiz | F65: Luiz | G65: Luiz | H65: Luiz | I65: Luiz
C66: FOLGA | D66: Jean | E66: Jean | F66: FOLGA | G66: Jean | H66: Jean | I66: Jean
B67: Externo | C67: FOLGA | D67: FOLGA | E67: FOLGA | F67: Diogo | G67: Diogo | H67: Diogo | I67: Diogo

Sheet Janeiro_22
B1: ESCALA DE TRABALHO - JANEIRO_2022
B2: Plantões | C2: Sábado | D2: Domingo | E2: Segunda-feira | F2: Terça-feira | G2: Quarta-feira | H2: Quinta-feira | I2: Sexta-feira
C3: 44562 | D3: 44563 | E3: 44564 | F3: 44565 | G3: 44566 | H3: 44567 | I3: 44568
B4: Penha | C4: ANDRESSA | D4: ANDRESSA | E4: Andressa | F4: Andressa | G4: Andressa | H4: Andressa | I4: Andressa
C5: ISADORA | D5: Isadora | E5: Isadora | F5: ISADORA | G5: ISADORA | H5: Isadora | I5: Isadora
C6: LUANA | D6: LUANA | E6: LUANA | F6: Luana | G6: Luana | H6: LUANA | I6: Luana
C7: CHRISTIAN | D7: CHRISTIAN | E7: CHRISTIAN | F7: Christian | G7: Christian | H7: Christian | I7: Christian
B8: Piçarras | C8: KARLA | D8: Karla | E8: Karla | F8: KARLA | G8: KARLA | H8: Karla | I8: Karla
C9: MARIANE | D9: MARIANE | E9: MARIANE | F9: Mariane | G9: Mariane | H9: MARIANE | I9: Mariane
D10: - | E10: - | F10: - | G10: - | H10: - | I10: -
B11: Piçarras/Penha | C11: LUIZ | D11: LUIZ | E11: Luiz | F11: Luiz | G11: Luiz | H11: Luiz | I11: Luiz
C12: DIOGO | D12: Diogo | E12: Diogo | F12: DIOGO | G12: Diogo | H12: Diogo | I12: Diogo
B13: Externo | C13: MIGUEL | D13: MIGUEL | E13: MIGUEL | F13: Miguel | G13: Miguel | H13: Miguel | I13: Miguel
B14: Plantões | C14: Sábado | D14: Domingo | E14: Segunda-feira | F14: Terça-feira | G14: Quarta-feira | H14: Quinta-feira | I14: Sexta-feira
C15: 44204 | D15: 44205 | E15: 44206 | F15: 44207 | G15: 44208 | H15: 44209 | I15: 44210
B16: Penha | C16: ANDRESSA | D16: ANDRESSA | E16: Andressa | F16: Andressa | G16: Andressa | H16: Andressa | I16: Andressa
C17: Isadora | D17: ISADORA | E17: ISADORA | F17: Isadora | G17: Isadora | H17: Isadora | I17: Isadora
C18: LUANA | D18: Luana | E18: Luana | F18: LUANA | G18: Luana | H18: Luana | I18: Luana
C19: Christian | D19: Christian | E19: Christian | F19: CHRISTIAN | G19: Christian | H19: Christian | I19: Christian
B20: Piçarras | C20: Karla | D20: KARLA | E20: KARLA | F20: Karla | G20: Karla | H20: Karla | I20: Karla
C21: MARIANE | D21: Mariane | E21: Mariane | F21: MARIANE | G21: Mariane | H21: Mariane | I21: Mariane
E22: Roberto | F22: Roberto | G22: Roberto | H22: Roberto | I22: Roberto
B23: Piçarras/Penha | C23: LUIZ | D23: LUIZ | E23: Luiz | F23: Luiz | G23: Luiz | H23: Luiz | I23: Luiz
C24: Diogo | D24: DIOGO | E24: DIOGO | F24: Diogo | G24: Diogo | H24: Diogo | I24: Diogo
B25: Externo | C25: Miguel | D25: Miguel | E25: Miguel | F25: MIGUEL | G25: Miguel | H25: Miguel | I25: Miguel
B26: Plantões | C26: Sábado | D26: Domingo | E26: Segunda-feira | F26: Terça-feira | G26: Quarta-feira | H26: Quinta-feira | I26: Sexta-feira
C27: 44211 | D27: 44212 | E27: 44213 | F27: 44214 | G27: 44215 | H27: 44216 | I27: 44217
B28: Penha | C28: ANDRESSA | D28: ANDRESSA | E28: Andressa | F28: Andressa | G28: Andressa | H28: Andressa | I28: Andressa
C29: ISADORA | D29: Isadora | E29: Isadora | F29: ISADORA | G29: Isadora | H29: Isadora | I29: Isadora
C30: Luana | D30: LUANA | E30: LUANA | F30: Luana | G30: Luana | H30: Luana | I30: Luana
C31: Christian | D31: CHRISTIAN | E31: CHRISTIAN | F31: Christian | G31: Christian | H31: Christian | I31: Christian
B32: Piçarras | C32: KARLA | D32: Karla | E32: Karla | F32: KARLA | G32: Karla | H32: Karla | I32: Karla
C33: Mariane | D33: MARIANE | E33: MARIANE | F33: Mariane | G33: Mariane | H33: Mariane | I33: Mariane
C34: Roberto | D34: Roberto | E34: Roberto | F34: ROBERTO | G34: Roberto | H34: Roberto | I34: Roberto
B35: Piçarras/Penha | C35: LUIZ | D35: LUIZ | E35: Luiz | F35: Luiz | G35: Luiz | H35: Luiz | I35: Luiz
C36: Diogo | D36: Diogo | E36: Diogo | F36: DIOGO | G36: Diogo | H36: Diogo | I36: Diogo
B37: Externo | C37: Miguel | D37: MIGUEL | E37: MIGUEL | F37: Miguel | G37: Miguel | H37: Miguel | I37: Miguel
B38: Plantões | C38: Sábado | D38: Domingo | E38: Segunda-feira | F38: Terça-feira | G38: Quarta-feira | H38: Quinta-feira | I38: Sexta-feira
C39: 44218 | D39: 44219 | E39: 44220 | F39: 44221 | G39: 44222 | H39: 44223 | I39: 44224
B40: Penha | C40: ANDRESSA | D40: ANDRESSA | E40: Andressa | F40: Andressa | G40: Andressa | H40: Andressa | I40: Andressa
C41: Isadora | D41: ISADORA | E41: ISADORA | F41: Isadora | G41: Isadora | H41: Isadora | I41: Isadora
C42: LUANA | D42: Luana | E42: Luana | F42: LUANA | G42: Luana | H42: Luana | I42: Luana
C43: Christian | D43: Christian | E43: Christian | F43: CHRISTIAN | G43: Christian | H43: Christian | I43: Christian
B44: Piçarras | C44: Karla | D44: KARLA | E44: KARLA | F44: Karla | G44: Karla | H44: KARLA | I44: Karla
C45: MARIANE | D45: Mariane | E45: Mariane | F45: MARIANE | G45: Mariane | H45: Mariane | I45: MARIANE
C46: Fabiano | D46: ROBERTO | E46: ROBERTO | F46: Roberto | G46: Roberto | H46: Roberto | I46: Roberto
B47: Piçarras/Penha | C47: LUIZ | D47: LUIZ | E47: Luiz | F47: Luiz | G47: Luiz | H47: Luiz | I47: Luiz
C48: Diogo | D48: DIOGO | E48: DIOGO | F48: Diogo | G48: Diogo | H48: Diogo | I48: Diogo
B49: Externo | C49: Miguel | D49: Miguel | E49: Miguel | F49: MIGUEL | G49: Miguel | H49: Miguel | I49: Miguel
B50: Plantões | C50: Sábado | D50: Domingo | E50: Segunda-feira
C51: 44225 | D51: 44226 | E51: 44227
B52: Penha | C52: ANDRESSA | D52: ANDRESSA | E52: Andressa
C53: ISADORA | D53: Isadora | E53: Isadora
C54: Luana | D54: LUANA | E54: LUANA | G54: Eventos do mês
C55: Christian | D55: CHRISTIAN | E55: CHRISTIAN | G55: 44562 | H55: Ano Novo
B56: Piçarras | C56: KARLA | D56: Karla | E56: Karla | G56: 44220 | H56: Nossa Senhora da Paz
C57: Mariane | D57: MARIANE | E57: MARIANE
C58: Roberto | D58: Roberto | E58: Roberto
B59: Piçarras/Penha | C59: LUIZ | D59: LUIZ | E59: Luiz
C60: Diogo | D60: Diogo | E60: Diogo
B61: Externo | C61: Miguel | D61: MIGUEL | E61: MIGUEL

Sheet Fevereiro_22
B1: ESCALA DE TRABALHO - FEVEREIRO_2022
B2: Plantões | C2: Sábado | D2: Domingo | E2: Segunda-feira | F2: Terça-feira | G2: Quarta-feira | H2: Quinta-feira | I2: Sexta-feira
F3: 44593 | G3: 44594 | H3: 44595 | I3: 44596
B4: Penha | F4: Andressa | G4: Andressa | H4: Andressa | I4: Andressa
F5: ISADORA | G5: Isadora | H5: Isadora | I5: Isadora
F6: Luana | G6: Luana | H6: Luana | I6: Luana
F7: Christian | G7: Christian | H7: Christian | I7: Christian
B8: Piçarras | F8: KARLA | G8: Karla | H8: Karla | I8: Karla
F9: Mariane | G9: Mariane | H9: Mariane | I9: Mariane
F10: ROBERTO | G10: Roberto | H10: Roberto | I10: Roberto
B11: Piçarras/Penha | F11: Luiz | G11: Luiz | H11: Luiz | I11: Luiz
F12: DIOGO | G12: Diogo | H12: Diogo | I12: Diogo
B13: Externo | F13: Miguel | G13: Miguel | H13: Miguel | I13: Miguel
B14: Plantões | C14: Sábado | D14: Domingo | E14: Segunda-feira | F14: Terça-feira | G14: Quarta-feira | H14: Quinta-feira | I14: Sexta-feira
C15: 44597 | D15: 44598 | E15: 44599 | F15: 44600 | G15: 44601 | H15: 44602 | I15: 44603
B16: Penha | C16: ANDRESSA | D16: ANDRESSA | E16: Andressa | F16: Andressa | G16: Andressa | H16: Andressa | I16: Andressa
C17: Isadora | D17: ISADORA | E17: ISADORA | F17: Isadora | G17: Isadora | H17: Isadora | I17: Isadora
C18: LUANA | D18: Luana | E18: Luana | F18: LUANA | G18: Luana | H18: Luana | I18: Luana
C19: Christian | D19: Christian | E19: Christian | F19: CHRISTIAN | G19: Christian | H19: Christian | I19: Christian
B20: Piçarras | C20: Karla | D20: KARLA | E20: KARLA | F20: Karla | G20: Karla | H20: Karla | I20: Karla
C21: MARIANE | D21: Mariane | E21: Mariane | F21: MARIANE | G21: Mariane | H21: Mariane | I21: Mariane
C22: Roberto | D22: ROBERTO | E22: ROBERTO | F22: Roberto | G22: Roberto | H22: Roberto | I22: Roberto
B23: Piçarras/Penha | C23: LUIZ | D23: LUIZ | E23: Luiz | F23: Luiz | G23: Luiz | H23: Luiz | I23: Luiz
C24: Diogo | D24: DIOGO | E24: DIOGO | F24: Diogo | G24: Diogo | H24: Diogo | I24: Diogo
B25: Externo | C25: Miguel | D25: Miguel | E25: Miguel | F25: MIGUEL | G25: Miguel | H25: Miguel | I25: Miguel
B26: Plantões | C26: Sábado | D26: Domingo | E26: Segunda-feira | F26: Terça-feira | G26: Quarta-feira | H26: Quinta-feira | I26: Sexta-feira
C27: 44604 | D27: 44605 | E27: 44606 | F27: 44607 | G27: 44608 | H27: 44609 | I27: 44610
B28: Penha | C28: ANDRESSA | D28: ANDRESSA | E28: Andressa | F28: Andressa | G28: Andressa | H28: Andressa | I28: Andressa
C29: ISADORA | D29: Isadora | E29: Isadora | F29: ISADORA | G29: Isadora | H29: Isadora | I29: Isadora
C30: Luana | D30: LUANA | E30: LUANA | F30: Luana | G30: Luana | H30: Luana | I30: Luana
C31: Christian | D31: CHRISTIAN | E31: CHRISTIAN | F31: Christian | G31: Christian | H31: Christian | I31: Christian
B32: Piçarras | C32: KARLA | D32: Karla | E32: Karla | F32: KARLA | G32: Karla | H32: Karla | I32: Karla
C33: Mariane | D33: MARIANE | E33: MARIANE | F33: Mariane | G33: Mariane | H33: Mariane | I33: Mariane
I34: Iara
C35: Roberto | D35: Roberto | E35: Roberto | F35: ROBERTO | G35: Roberto | H35: Roberto | I35: Roberto
B36: Piçarras/Penha | C36: LUIZ | D36: LUIZ | E36: Luiz | F36: Luiz | G36: Luiz | H36: Luiz | I36: Luiz
C37: Diogo | D37: Diogo | E37: Diogo | F37: DIOGO | G37: Diogo | H37: Diogo | I37: Diogo
B38: Externo | C38: Miguel | D38: MIGUEL | E38: MIGUEL | F38: Miguel | G38: Miguel | H38: Miguel | I38: Miguel
B39: Plantões | C39: Sábado | D39: Domingo | E39: Segunda-feira | F39: Terça-feira | G39: Quarta-feira | H39: Quinta-feira | I39: Sexta-feira
C40: 44611 | D40: 44612 | E40: 44613 | F40: 44614 | G40: 44615 | H40: 44616 | I40: 44617
B41: Penha | C41: ANDRESSA | D41: ANDRESSA | E41: Andressa | F41: Andressa | G41: Andressa | H41: Andressa | I41: Andressa
C42: Isadora | D42: ISADORA | E42: ISADORA | F42: Isadora | G42: Isadora | H42: Isadora | I42: Isadora
C43: LUANA | D43: Luana | E43: Luana | F43: LUANA | G43: Luana | H43: Luana | I43: Luana
C44: Christian | D44: Christian | E44: Christian | F44: CHRISTIAN | G44: Christian | H44: Christian | I44: Christian
B45: Piçarras | C45: Karla | D45: KARLA | E45: KARLA | F45: Karla | G45: Karla | H45: Karla | I45: Karla
C46: MARIANE | D46: Mariane | E46: Mariane | F46: MARIANE | G46: Mariane | H46: Mariane | I46: Mariane
C47: Iara | D47: Iara | E47: Iara | F47: IARA | G47: Iara | H47: Iara | I47: Iara
C48: Roberto | D48: ROBERTO | E48: ROBERTO | F48: Roberto | G48: Roberto | H48: Roberto | I48: Roberto
B49: Piçarras/Penha | C49: LUIZ | D49: LUIZ | E49: Luiz | F49: Luiz | G49: Luiz | H49: Luiz | I49: Luiz
C50: Diogo | D50: DIOGO | E50: DIOGO | F50: Diogo | G50: Diogo | H50: Diogo | I50: Diogo
B51: Externo | C51: Miguel | D51: Miguel | E51: Miguel | F51: MIGUEL | G51: Miguel | H51: Miguel | I51: Miguel
B52: Plantões | C52: Sábado | D52: Domingo | E52: Segunda-feira
C53: 44618 | D53: 44619 | E53: 44620
B54: Penha | C54: ANDRESSA | D54: ANDRESSA | E54: Andressa
C55: ISADORA | D55: Isadora | E55: Isadora
C56: Luana | D56: LUANA | E56: LUANA
C57: Christian | D57: CHRISTIAN | E57: CHRISTIAN
B58: Piçarras | C58: KARLA | D58: Karla | E58: Karla
C59: Mariane | D59: MARIANE | E59: MARIANE
C60: Iara | D60: IARA | E60: IARA
C61: Roberto | D61: Roberto | E61: Roberto
B62: Piçarras/Penha | C62: LUIZ | D62: LUIZ | E62: Luiz
C63: Diogo | D63: Diogo | E63: Diogo
B64: Externo | C64: Miguel | D64: MIGUEL | E64: MIGUEL

Sheet Março_22
B1: ESCALA DE TRABALHO - MARÇO_2022
B2: Plantões | C2: Sábado | D2: Domingo | E2: Segunda-feira | F2: Terça-feira | G2: Quarta-feira | H2: Quinta-feira | I2: Sexta-feira
F3: 44621 | G3: 44622 | H3: 44623 | I3: 44624
B4: Penha | F4: Andressa | G4: Andressa | H4: Andressa | I4: Andressa
F5: ISADORA | G5: Isadora | H5: Isadora | I5: Isadora
F6: Luana | G6: Luana | H6: Luana | I6: Luana
F7: Christian | G7: Christian | H7: Christian | I7: Christian
B8: Piçarras | F8: KARLA | G8: Karla | H8: Karla | I8: Karla
F9: Mariane | G9: Mariane | H9: Mariane | I9: Mariane
F10: Iara | G10: Iara | H10: Iara | I10: Iara
F11: ROBERTO | G11: Roberto | H11: Roberto | I11: Roberto
B12: Piçarras/Penha | F12: Luiz | G12: Luiz | H12: Luiz | I12: Luiz
F13: DIOGO | G13: Diogo | H13: Diogo | I13: Diogo
B14: Externo | F14: Miguel | G14: Miguel | H14: Miguel | I14: Miguel
B15: Plantões | C15: Sábado | D15: Domingo | E15: Segunda-feira | F15: Terça-feira | G15: Quarta-feira | H15: Quinta-feira | I15: Sexta-feira
C16: 44625 | D16: 44626 | E16: 44627 | F16: 44628 | G16: 44629 | H16: 44630 | I16: 44631
B17: Penha | C17: ANDRESSA | D17: ANDRESSA | E17: Andressa | F17: Andressa | G17: Andressa | H17: Andressa | I17: Andressa
C18: Isadora | D18: ISADORA | E18: ISADORA | F18: Isadora | G18: Isadora | H18: Isadora | I18: Isadora
C19: LUANA | D19: Luana | E19: Luana | F19: LUANA | G19: Luana | H19: Luana | I19: Luana
C20: Christian | D20: Christian | E20: Christian | F20: CHRISTIAN | G20: Christian | H20: Christian | I20: Christian
B21: Piçarras | C21: Karla | D21: KARLA | E21: KARLA | F21: Karla | G21: Karla | H21: Karla | I21: Karla
C22: MARIANE | D22: Mariane | E22: Mariane | F22: MARIANE | G22: Mariane | H22: Mariane | I22: Mariane
C23: Iara | D23: Iara | E23: Iara | F23: IARA | G23: Iara | H23: Iara | I23: Iara
C24: Roberto | D24: ROBERTO | E24: ROBERTO | F24: Roberto | G24: Roberto | H24: Roberto | I24: Roberto
B25: Piçarras/Penha | C25: LUIZ | D25: LUIZ | E25: Luiz | F25: Luiz | G25: Luiz | H25: Luiz | I25: Luiz
C26: Diogo | D26: DIOGO | E26: DIOGO | F26: Diogo | G26: Diogo | H26: Diogo | I26: Diogo
B27: Externo | C27: Miguel | D27: Miguel | E27: Miguel | F27: MIGUEL | G27: Miguel | H27: Miguel | I27: Miguel
B28: Plantões | C28: Sábado | D28: Domingo | E28: Segunda-feira | F28: Terça-feira | G28: Quarta-feira | H28: Quinta-feira | I28: Sexta-feira
C29: 44632 | D29: 44633 | E29: 44634 | F29: 44635 | G29: 44636 | H29: 44637 | I29: 44638
B30: Penha | C30: ANDRESSA | D30: ANDRESSA | E30: Andressa | F30: Andressa | G30: Andressa | H30: Andressa | I30: Andressa
C31: ISADORA | D31: Isadora | E31: Isadora | F31: ISADORA | G31: Isadora | H31: Isadora | I31: Isadora
C32: Luana | D32: LUANA | E32: LUANA | F32: Luana | G32: Luana | H32: Luana | I32: Luana
C33: Christian | D33: CHRISTIAN | E33: CHRISTIAN | F33: Christian | G33: Christian | H33: Christian | I33: Christian
B34: Piçarras | C34: KARLA | D34: Karla | E34: Karla | F34: KARLA | G34: Karla | H34: Karla | I34: Karla
C35: Mariane | D35: MARIANE | E35: MARIANE | F35: Mariane | G35: Mariane | H35: Mariane | I35: Mariane
C36: Iara | D36: IARA | E36: IARA | F36: Iara | G36: Iara | H36: Iara | I36: Iara
C37: Roberto | D37: Roberto | E37: Roberto | F37: ROBERTO | G37: Roberto | H37: Roberto | I37: Roberto
B38: Piçarras/Penha | C38: LUIZ | D38: LUIZ | E38: Luiz | F38: Luiz | G38: Luiz | H38: Luiz | I38: Luiz
C39: Diogo | D39: Diogo | E39: Diogo | F39: DIOGO | G39: Diogo | H39: Diogo | I39: Diogo
B40: Externo | C40: Miguel | D40: MIGUEL | E40: MIGUEL | F40: Miguel | G40: Miguel | H40: Miguel | I40: Miguel
B41: Plantões | C41: Sábado | D41: Domingo | E41: Segunda-feira | F41: Terça-feira | G41: Quarta-feira | H41: Quinta-feira | I41: Sexta-feira
C42: 44639 | D42: 44640 | E42: 44641 | F42: 44642 | G42: 44643 | H42: 44644 | I42: 44645
B43: Penha | C43: ANDRESSA | D43: ANDRESSA | E43: Andressa | F43: Andressa | G43: Andressa | H43: Andressa | I43: Andressa
C44: Isadora | D44: ISADORA | E44: ISADORA | F44: Isadora | G44: Isadora | H44: Isadora | I44: Isadora
C45: Christian | D45: Christian | E45: Christian | F45: CHRISTIAN | G45: Christian | H45: Christian | I45: Christian
B46: Piçarras | C46: KARLA | D46: Karla | E46: Karla | F46: KARLA | G46: Karla | H46: Karla | I46: Karla
C47: Iara | D47: Iara | E47: Iara | F47: IARA | G47: Iara | H47: Iara | I47: Iara
C48: Roberto | D48: ROBERTO | E48: ROBERTO | F48: Roberto | G48: Roberto | H48: Roberto | I48: Roberto
B49: Piçarras/Penha | C49: LUIZ | D49: LUIZ | E49: Luiz | F49: Luiz | G49: Luiz | H49: Luiz | I49: Luiz
C50: Diogo | D50: DIOGO | E50: DIOGO | F50: Diogo | G50: Diogo | H50: Diogo | I50: Diogo
B51: Externo | C51: Miguel | D51: Miguel | E51: Miguel | F51: MIGUEL | G51: Miguel | H51: Miguel | I51: Miguel
B52: Plantões | C52: Sábado | D52: Domingo | E52: Segunda-feira | F52: Terça-feira | G52: Quarta-feira | H52: Quinta-feira | I52: Sexta-feira
C53: 44646 | D53: 44647 | E53: 44648 | F53: 44649 | G53: 44650 | H53: 44651
B54: Penha | C54: ANDRESSA | D54: ANDRESSA | E54: Andressa | F54: Andressa | G54: Andressa | H54: Andressa
C55: ISADORA | D55: Isadora | E55: Isadora | F55: ISADORA | G55: Isadora | H55: Isadora
C56: Christian | D56: CHRISTIAN | E56: CHRISTIAN | F56: Christian | G56: Christian | H56: Christian
B57: Piçarras | C57: Karla | D57: KARLA | E57: KARLA | F57: Karla | G57: Karla | H57: Karla
C58: Iara | D58: IARA | E58: IARA | F58: Iara | G58: Iara | H58: Iara
C59: Roberto | D59: Roberto | E59: Roberto | F59: ROBERTO | G59: Roberto | H59: Roberto
B60: Piçarras/Penha | C60: LUIZ | D60: LUIZ | E60: Luiz | F60: Luiz | G60: Luiz | H60: Luiz
C61: Diogo | D61: Diogo | E61: Diogo | F61: DIOGO | G61: Diogo | H61: Diogo
B62: Externo | C62: Miguel | D62: MIGUEL | E62: MIGUEL | F62: Miguel | G62: Miguel | H62: Miguel

Sheet Abril_22
B1: ESCALA DE TRABALHO - ABRIL_2022
B2: Plantões | C2: Sábado | D2: Domingo | E2: Segunda-feira | F2: Terça-feira | G2: Quarta-feira | H2: Quinta-feira | I2: Sexta-feira
I3: 44652
B4: Penha | I4: Andressa
I5: Isadora
I6: Christian
B7: Piçarras | I7: Karla
I8: Iara
I9: Roberto
B10: Piçarras/Penha | I10: Luiz
I11: Diogo
B12: Externo | I12: Miguel
B13: Plantões | C13: Sábado | D13: Domingo | E13: Segunda-feira | F13: Terça-feira | G13: Quarta-feira | H13: Quinta-feira | I13: Sexta-feira
C14: 44653 | D14: 44654 | E14: 44655 | F14: 44656 | G14: 44657 | H14: 44658 | I14: 44659
B15: Penha | C15: Andressa | D15: ANDRESSA | E15: Andressa | F15: Andressa | G15: Andressa | H15: Andressa | I15: Andressa
C16: Isadora | D16: ISADORA | E16: ISADORA | F16: Isadora | G16: Isadora | H16: Isadora | I16: Isadora
C17: Christian | D17: Christian | E17: Christian | F17: CHRISTIAN | G17: Christian | H17: Christian | I17: Christian
B18: Piçarras | C18: KARLA | D18: Karla | E18: Karla | F18: KARLA | G18: Karla | H18: Karla | I18: Karla
C19: Iara | D19: Iara | E19: Iara | F19: IARA | G19: Iara | H19: Iara | I19: Iara
C20: Roberto | D20: ROBERTO | E20: ROBERTO | F20: Roberto | G20: Roberto | H20: Roberto | I20: Roberto
B21: Piçarras/Penha | C21: Luiz | D21: LUIZ | E21: Luiz | F21: Luiz | G21: Luiz | H21: Luiz | I21: Luiz
C22: Diogo | D22: DIOGO | E22: DIOGO | F22: Diogo | G22: Diogo | H22: Diogo | I22: Diogo
B23: Externo | C23: Miguel | D23: Miguel | E23: Miguel | F23: MIGUEL | G23: Miguel | H23: Miguel | I23: Miguel
B24: Plantões | C24: Sábado | D24: Domingo | E24: Segunda-feira | F24: Terça-feira | G24: Quarta-feira | H24: Quinta-feira | I24: Sexta-feira
C25: 44660 | D25: 44661 | E25: 44662 | F25: 44663 | G25: 44664 | H25: 44665 | I25: 44666
B26: Penha | C26: ANDRESSA | D26: ANDRESSA | E26: Andressa | F26: Andressa | G26: Andressa | H26: Andressa | I26: Andressa
C27: ISADORA | D27: Isadora | E27: Isadora | F27: ISADORA | G27: Isadora | H27: Isadora | I27: Isadora
C28: Christian | D28: CHRISTIAN | E28: CHRISTIAN | F28: Christian | G28: Christian | H28: Christian | I28: Christian
B29: Piçarras | C29: Karla | D29: KARLA | E29: KARLA | F29: Karla | G29: Karla | H29: Karla | I29: Karla
C30: Iara | D30: IARA | E30: IARA | F30: Iara | G30: Iara | H30: Iara | I30: Iara
C31: Roberto | D31: Roberto | E31: Roberto | F31: ROBERTO | G31: Roberto | H31: Roberto | I31: Roberto
B32: Piçarras/Penha | C32: LUIZ | D32: LUIZ | E32: Luiz | F32: Luiz | G32: Luiz | H32: Luiz | I32: Luiz
C33: Diogo | D33: Diogo | E33: Diogo | F33: DIOGO | G33: Diogo | H33: Diogo | I33: Diogo
B34: Externo | C34: Miguel | D34: MIGUEL | E34: MIGUEL | F34: Miguel | G34: Miguel | H34: Miguel | I34: Miguel
B35: Plantões | C35: Sábado | D35: Domingo | E35: Segunda-feira | F35: Terça-feira | G35: Quarta-feira | H35: Quinta-feira | I35: Sexta-feira
C36: 44667 | D36: 44668 | E36: 44669 | F36: 44670 | G36: 44671 | H36: 44672 | I36: 44673
B37: Penha | C37: ANDRESSA | D37: ANDRESSA | E37: Andressa | F37: Andressa | G37: Andressa | H37: Andressa | I37: Andressa
C38: Isadora | D38: ISADORA | E38: ISADORA | F38: Isadora | G38: Isadora | H38: Isadora | I38: ISADORA
C39: Christian | D39: Christian | E39: Christian | F39: CHRISTIAN | G39: Christian | H39: Christian | I39: Christian
B40: Piçarras | C40: KARLA | D40: Karla | E40: Karla | F40: KARLA | G40: KARLA | H40: Karla | I40: Karla
C41: Iara | D41: Iara | E41: Iara | F41: IARA | G41: Iara | H41: Iara | I41: Iara
C42: Roberto | D42: ROBERTO | E42: ROBERTO | F42: Roberto | G42: Roberto | H42: Roberto | I42: Roberto
B43: Piçarras/Penha | C43: LUIZ | D43: LUIZ | E43: Luiz | F43: Luiz | G43: Luiz | H43: Luiz | I43: Luiz
C44: Diogo | D44: DIOGO | E44: DIOGO | F44: Diogo | G44: Diogo | H44: Diogo | I44: Diogo
B45: Externo | C45: Miguel | D45: Miguel | E45: Miguel | F45: MIGUEL | G45: Miguel | H45: Miguel | I45: Miguel
B46: Plantões | C46: Sábado | D46: Domingo | E46: Segunda-feira | F46: Terça-feira | G46: Quarta-feira | H46: Quinta-feira | I46: Sexta-feira
C47: 44674 | D47: 44675 | E47: 44676 | F47: 44677 | G47: 44678 | H47: 44679 | I47: 44680
B48: Penha | C48: ANDRESSA | D48: ANDRESSA | E48: Andressa | F48: Andressa | G48: Andressa | H48: Andressa | I48: Andressa
C49: ISADORA | D49: Isadora | E49: Isadora | F49: ISADORA | G49: Isadora | H49: ISADORA | I49: Isadora
C50: Christian | D50: CHRISTIAN | E50: CHRISTIAN | F50: Christian | G50: Christian | H50: Christian | I50: Christian
B51: Piçarras | C51: Karla | D51: KARLA | E51: KARLA | F51: Karla | G51: KARLA | H51: Karla | I51: Karla
C52: Iara | D52: IARA | E52: IARA | F52: Iara | G52: Iara | H52: Iara | I52: Iara
C53: Roberto | D53: Roberto | E53: Roberto | F53: ROBERTO | G53: Roberto | H53: Roberto | I53: Roberto
B54: Piçarras/Penha | C54: LUIZ | D54: LUIZ | E54: Luiz | F54: Luiz | G54: Luiz | H54: Luiz | I54: Luiz
C55: Diogo | D55: Diogo | E55: Diogo | F55: DIOGO | G55: Diogo | H55: Diogo | I55: Diogo
B56: Externo | C56: Miguel | D56: MIGUEL | E56: MIGUEL | F56: Miguel | G56: Miguel | H56: Miguel | I56: Miguel
C57: 44681
B58: Penha | C58: ANDRESSA
C59: Isadora
C60: Christian
B61: Piçarras | C61: KARLA
C62: Iara
C63: Roberto
B64: Piçarras/Penha | C64: LUIZ
C65: Diogo
B66: Externo | C66: Miguel
B71: Plantões | C71: Sábado | D71: Domingo | E71: Segunda-feira | F71: Terça-feira | G71: Quarta-feira | H71: Quinta-feira | I71: Sexta-feira
C72: 44653 | D72: 44654 | E72: 44655 | F72: 44656 | G72: 44657 | H72: 44658 | I72: 44659
B73: Penha | C73: Andressa | D73: ANDRESSA | E73: Andressa | F73: Andressa | G73: Andressa | H73: Andressa | I73: Andressa
C74: Isadora | D74: ISADORA | E74: ISADORA | F74: Isadora | G74: Isadora | H74: Isadora | I74: Isadora
C75: Christian | D75: Christian | E75: Christian | F75: CHRISTIAN | G75: Christian | H75: Christian | I75: Christian
B76: Piçarras | C76: Karla | D76: Karla | E76: Karla | F76: KARLA | G76: Karla | H76: KARLA | I76: Karla
C77: Iara | D77: Iara | E77: Iara | F77: IARA | G77: Iara | H77: Iara | I77: Iara
C78: Roberto | D78: Roberto | E78: ROBERTO | F78: Roberto | G78: Roberto | H78: Roberto | I78: Roberto
B79: Piçarras/Penha | C79: Luiz | D79: LUIZ | E79: Luiz | F79: Luiz | G79: Luiz | H79: Luiz | I79: Luiz
C80: Diogo | D80: Diogo | E80: DIOGO | F80: Diogo | G80: Diogo | H80: Diogo | I80: Diogo
B81: Externo | C81: Miguel | D81: Miguel | E81: Miguel | F81: MIGUEL | G81: Miguel | H81: Miguel | I81: Miguel
B82: Plantões | C82: Sábado | D82: Domingo | E82: Segunda-feira | F82: Terça-feira | G82: Quarta-feira | H82: Quinta-feira | I82: Sexta-feira
C83: 44660 | D83: 44661 | E83: 44662 | F83: 44663 | G83: 44664 | H83: 44665 | I83: 44666
B84: Penha | C84: ANDRESSA | D84: ANDRESSA | E84: Andressa | F84: Andressa | G84: Andressa | H84: Andressa | I84: Andressa
C85: ISADORA | D85: Isadora | E85: Isadora | F85: ISADORA | G85: Isadora | H85: Isadora | I85: Isadora
C86: Christian | D86: CHRISTIAN | E86: CHRISTIAN | F86: Christian | G86: Christian | H86: Christian | I86: Christian
B87: Piçarras | C87: Karla | D87: KARLA | E87: KARLA | F87: Karla | G87: Karla | H87: Karla | I87: Karla
C88: Iara | D88: IARA | E88: IARA | F88: Iara | G88: Iara | H88: Iara | I88: Iara
C89: Roberto | D89: Roberto | E89: Roberto | F89: ROBERTO | G89: ROBERTO | H89: Roberto | I89: Roberto
B90: Piçarras/Penha | C90: LUIZ | D90: LUIZ | E90: Luiz | F90: Luiz | G90: Luiz | H90: Luiz | I90: Luiz
C91: Diogo | D91: Diogo | E91: Diogo | F91: DIOGO | G91: DIOGO | H91: Diogo | I91: Diogo
B92: Externo | C92: Miguel | D92: MIGUEL | E92: MIGUEL | F92: Miguel | G92: Miguel | H92: Miguel | I92: Miguel

Sheet Maio_22
B1: ESCALA DE TRABALHO - MAIO_2022
B2: Plantões | C2: Sábado | D2: Domingo | E2: Segunda-feira | F2: Terça-feira | G2: Quarta-feira | H2: Quinta-feira | I2: Sexta-feira
D3: 44682 | E3: 44683 | F3: 44684 | G3: 44685 | H3: 44686 | I3: 44687
B4: Penha | D4: ANDRESSA | E4: Andressa | F4: Andressa | G4: Andressa | H4: Andressa | I4: Andressa
D5: ISADORA | E5: ISADORA | F5: Isadora | G5: Isadora | H5: Isadora | I5: Isadora
D6: ANDRIELE | E6: Andriele | F6: Andriele | G6: Andriele | H6: Andriele | I6: Andriele
D7: Christian | E7: Christian | F7: CHRISTIAN | G7: Christian | H7: Christian | I7: Christian
B8: Piçarras | D8: KARLA | E8: Karla | F8: KARLA | G8: Karla | H8: Karla | I8: Karla
D9: LAURA | E9: Laura | F9: LAURA | G9: Laura | H9: Laura | I9: Laura
D10: Iara | E10: Iara | F10: IARA | G10: Iara | H10: Iara | I10: Iara
D11: ROBERTO | E11: ROBERTO | F11: Roberto | G11: Roberto | H11: Roberto | I11: Roberto
B12: Piçarras/Penha | D12: LUIZ | E12: Luiz | F12: Luiz | G12: Luiz | H12: Luiz | I12: Luiz
D13: DIOGO | E13: DIOGO | F13: Diogo | G13: Diogo | H13: Diogo | I13: Diogo
B14: Externo | D14: Miguel | E14: Miguel | F14: MIGUEL | G14: Miguel | H14: Miguel | I14: Miguel
B15: Plantões | C15: Sábado | D15: Domingo | E15: Segunda-feira | F15: Terça-feira | G15: Quarta-feira | H15: Quinta-feira | I15: Sexta-feira
C16: 44688 | D16: 44689 | E16: 44690 | F16: 44691 | G16: 44692 | H16: 44693 | I16: 44694
B17: Penha | C17: ANDRESSA | D17: ANDRESSA | E17: Andressa | F17: Andressa | G17: Andressa | H17: Andressa | I17: Andressa
C18: ISADORA | D18: Isadora | E18: Isadora | F18: ISADORA | G18: Isadora | H18: Isadora | I18: Isadora
C19: ANDRIELE | D19: ANDRIELE | E19: Andriele | F19: Andriele | G19: Andriele | H19: Andriele | I19: Andriele
C20: Christian | D20: CHRISTIAN | E20: CHRISTIAN | F20: Christian | G20: Christian | H20: Christian | I20: Christian
B21: Piçarras | C21: Karla | D21: KARLA | E21: KARLA | F21: Karla | G21: Karla | H21: Karla | I21: Karla
C22: Laura | D22: LAURA | E22: LAURA | F22: Laura | G22: Laura | H22: Laura | I22: Laura
C23: Iara | D23: IARA | E23: IARA | F23: Iara | G23: Iara | H23: Iara | I23: Iara
C24: Roberto | D24: Roberto | E24: Roberto | F24: ROBERTO | G24: Roberto | H24: Roberto | I24: Roberto
B25: Piçarras/Penha | C25: LUIZ | D25: LUIZ | E25: Luiz | F25: Luiz | G25: Luiz | H25: Luiz | I25: Luiz
C26: Diogo | D26: Diogo | E26: Diogo | F26: DIOGO | G26: Diogo | H26: Diogo | I26: Diogo
B27: Externo | C27: Miguel | D27: MIGUEL | E27: MIGUEL | F27: Miguel | G27: Miguel | H27: Miguel | I27: Miguel
B28: Plantões | C28: Sábado | D28: Domingo | E28: Segunda-feira | F28: Terça-feira | G28: Quarta-feira | H28: Quinta-feira | I28: Sexta-feira
C29: 44695 | D29: 44696 | E29: 44697 | F29: 44698 | G29: 44699 | H29: 44700 | I29: 44701
B30: Penha | C30: ANDRESSA | D30: ANDRESSA | E30: Andressa | F30: Andressa | G30: Andressa | H30: Andressa | I30: Andressa
C31: Isadora | D31: ISADORA | E31: ISADORA | F31: Isadora | G31: Isadora | H31: Isadora | I31: Isadora
C32: ANDRIELE | D32: ANDRIELE | E32: Andriele | F32: Andriele | G32: Andriele | H32: Andriele | I32: Andriele
C33: Christian | D33: Christian | E33: Christian | F33: CHRISTIAN | G33: Christian | H33: Christian | I33: Christian
B34: Piçarras | C34: KARLA | D34: Karla | E34: Karla | F34: KARLA | G34: Karla | H34: Karla | I34: Karla
C35: LAURA | D35: Laura | E35: Laura | F35: LAURA | G35: Laura | H35: Laura | I35: Laura
C36: Iara | D36: Iara | E36: Iara | F36: IARA | G36: Iara | H36: Iara | I36: Iara
C37: Roberto | D37: ROBERTO | E37: ROBERTO | F37: Roberto | G37: Roberto | H37: Roberto | I37: Roberto
B38: Piçarras/Penha | C38: LUIZ | D38: LUIZ | E38: Luiz | F38: Luiz | G38: Luiz | H38: Luiz | I38: Luiz
C39: Diogo | D39: DIOGO | E39: DIOGO | F39: Diogo | G39: Diogo | H39: Diogo | I39: Diogo
B40: Externo | C40: Miguel | D40: Miguel | E40: Miguel | F40: MIGUEL | G40: Miguel | H40: Miguel | I40: Miguel
B41: Plantões | C41: Sábado | D41: Domingo | E41: Segunda-feira | F41: Terça-feira | G41: Quarta-feira | H41: Quinta-feira | I41: Sexta-feira
C42: 44702 | D42: 44703 | E42: 44704 | F42: 44705 | G42: 44706 | H42: 44707 | I42: 44708
B43: Penha | C43: ANDRESSA | D43: ANDRESSA | E43: Andressa | F43: Andressa | G43: Andressa | H43: Andressa | I43: Andressa
C44: ISADORA | D44: Isadora | E44: Isadora | F44: ISADORA | G44: Isadora | H44: Isadora | I44: Isadora
C45: ANDRIELE | D45: ANDRIELE | E45: Andriele | F45: Andriele | G45: Andriele | H45: Andriele | I45: Andriele
C46: Christian | D46: CHRISTIAN | E46: CHRISTIAN | F46: Christian | G46: Christian | H46: Christian | I46: Christian
B47: Piçarras | C47: Karla | D47: KARLA | E47: KARLA | F47: Karla | G47: Karla | H47: Karla | I47: Karla
C48: Laura | D48: LAURA | E48: LAURA | F48: Laura | G48: Laura | H48: Laura | I48: Laura
C49: Iara | D49: IARA | E49: IARA | F49: Iara | G49: Iara | H49: Iara | I49: Iara
C50: Roberto | D50: Roberto | E50: Roberto | F50: ROBERTO | G50: Roberto | H50: Roberto | I50: Roberto
B51: Piçarras/Penha | C51: LUIZ | D51: LUIZ | E51: Luiz | F51: Luiz | G51: Luiz | H51: Luiz | I51: Luiz
C52: Diogo | D52: Diogo | E52: Diogo | F52: DIOGO | G52: Diogo | H52: Diogo | I52: Diogo
B53: Externo | C53: Miguel | D53: MIGUEL | E53: MIGUEL | F53: Miguel | G53: Miguel | H53: Miguel | I53: Miguel
B54: Plantões | C54: Sábado | D54: Domingo | E54: Segunda-feira | F54: Terça-feira
C55: 44709 | D55: 44710 | E55: 44711 | F55: 44712
B56: Penha | C56: ANDRESSA | D56: ANDRESSA | E56: Andressa | F56: Andressa
C57: Isadora | D57: ISADORA | E57: ISADORA | F57: Isadora
C58: ANDRIELE | D58: ANDRIELE | E58: Andriele | F58: Andriele
C59: Christian | D59: Christian | E59: Christian | F59: CHRISTIAN
B60: Piçarras | C60: KARLA | D60: Karla | E60: Karla | F60: KARLA
C61: LAURA | D61: Laura | E61: Laura | F61: LAURA
C62: Iara | D62: Iara | E62: Iara | F62: IARA
C63: Roberto | D63: ROBERTO | E63: ROBERTO | F63: Roberto
B64: Piçarras/Penha | C64: LUIZ | D64: LUIZ | E64: Luiz | F64: Luiz
C65: Diogo | D65: DIOGO | E65: DIOGO | F65: Diogo
B66: Externo | C66: Miguel | D66: Miguel | E66: Miguel | F66: MIGUEL
B69: Eventos do mês
B70: 44682 | C70: Dia do trabalhador

Sheet Junho_22
A1: ESCALA DE TRABALHO - JUNHO_2022
A2: Plantões | B2: Sábado | C2: Domingo | D2: Segunda-feira | E2: Terça-feira | F2: Quarta-feira | G2: Quinta-feira | H2: Sexta-feira
F3: 44713 | G3: 44714 | H3: 44715
A4: Penha | F4: Andressa | G4: Andressa | H4: Andressa
F5: Isadora | G5: Isadora | H5: Isadora
F6: Andriele | G6: Andriele | H6: Andriele
A7: Piçarras | F7: Karla | G7: Karla | H7: Karla
F8: Laura | G8: Laura | H8: Laura
F9: Iara | G9: Iara | H9: Iara
F10: Roberto | G10: Roberto | H10: Roberto
A11: Piçarras/Penha | F11: Luiz | G11: Luiz | H11: Luiz
F12: Diogo | G12: Diogo | H12: Diogo
A13: Externo | F13: Miguel | G13: Miguel | H13: Miguel
A14: Plantões | B14: Sábado | C14: Domingo | D14: Segunda-feira | E14: Terça-feira | F14: Quarta-feira | G14: Quinta-feira | H14: Sexta-feira
B15: 44716 | C15: 44717 | D15: 44718 | E15: 44719 | F15: 44720 | G15: 44721 | H15: 44722
A16: Penha | B16: ANDRESSA | C16: ANDRESSA | D16: Andressa | E16: Andressa | F16: Andressa | G16: Andressa | H16: Andressa
B17: ISADORA | C17: Isadora | D17: Isadora | E17: ISADORA | F17: Isadora | G17: Isadora | H17: Isadora
B18: ANDRIELE | C18: ANDRIELE | D18: Andriele | E18: Andriele | F18: Andriele | G18: Andriele | H18: Andriele
A19: Piçarras | B19: Karla | C19: KARLA | D19: KARLA | E19: Karla | F19: Karla | G19: Karla | H19: Karla
B20: LAURA | C20: Laura | D20: Laura | E20: LAURA | F20: Laura | G20: Laura | H20: Laura
B21: Iara | C21: IARA | D21: IARA | E21: Iara | F21: Iara | G21: Iara | H21: Iara
B22: Roberto | C22: Roberto | D22: Roberto | E22: ROBERTO | F22: Roberto | G22: Roberto | H22: Roberto
A23: Piçarras/Penha | B23: LUIZ | C23: LUIZ | D23: Luiz | E23: Luiz | F23: Luiz | G23: Luiz | H23: Luiz
B24: Diogo | C24: Diogo | D24: Diogo | E24: DIOGO | F24: Diogo | G24: Diogo | H24: Diogo
A25: Externo | B25: Miguel | C25: MIGUEL | D25: MIGUEL | E25: Miguel | F25: Miguel | G25: Miguel | H25: Miguel
A26: Plantões | B26: Sábado | C26: Domingo | D26: Segunda-feira | E26: Terça-feira | F26: Quarta-feira | G26: Quinta-feira | H26: Sexta-feira
B27: 44723 | C27: 44724 | D27: 44725 | E27: 44726 | F27: 44727 | G27: 44728 | H27: 44729
A28: Penha | B28: ANDRESSA | C28: ANDRESSA | D28: Andressa | E28: Andressa | F28: Andressa | G28: Andressa | H28: ANDRESSA
B29: Isadora | C29: ISADORA | D29: ISADORA | E29: Isadora | F29: Isadora | G29: Isadora | H29: ISADORA
E30: Andréia | F30: Andréia | G30: ANDRÉIA | H30: Andréia
B31: ANDRIELE | C31: ANDRIELE | D31: Andriele | E31: Andriele | F31: Andriele | G31: ANDRIELE | H31: Andriele
A32: Piçarras | B32: KARLA | C32: Karla | D32: Karla | E32: KARLA | F32: KARLA | G32: Karla | H32: Karla
B33: Laura | C33: LAURA | D33: LAURA | E33: Laura | F33: Laura | G33: LAURA | H33: Laura
B34: Iara | C34: Iara | D34: Iara | E34: IARA | F34: Iara | G34: Iara | H34: Iara
B35: Roberto | C35: ROBERTO | D35: ROBERTO | E35: Roberto | F35: Roberto | G35: Roberto | H35: Roberto
A36: Piçarras/Penha | B36: LUIZ | C36: LUIZ | D36: Luiz | E36: Luiz | F36: Luiz | G36: Luiz | H36: Luiz
B37: Diogo | C37: DIOGO | D37: DIOGO | E37: Diogo | F37: Diogo | G37: Diogo | H37: Diogo
A38: Externo | B38: Miguel | C38: Miguel | D38: Miguel | E38: MIGUEL | F38: Miguel | G38: Miguel | H38: Miguel
A39: Plantões | B39: Sábado | C39: Domingo | D39: Segunda-feira | E39: Terça-feira | F39: Quarta-feira | G39: Quinta-feira | H39: Sexta-feira
B40: 44730 | C40: 44731 | D40: 44732 | E40: 44733 | F40: 44734 | G40: 44735 | H40: 44736
A41: Penha | B41: ANDRESSA | C41: ANDRESSA | D41: Andressa | E41: Andressa | F41: Andressa | G41: Andressa | H41: Andressa
B42: ISADORA | C42: Isadora | D42: ISADORA | E42: Isadora | F42: Isadora | G42: Isadora | H42: ISADORA
B43: Andréia | C43: ANDRÉIA | D43: ANDRÉIA | E43: Andréia | F43: Andréia | G43: Andréia | H43: Andréia
B44: ANDRIELE | C44: ANDRIELE | D44: Andriele | E44: Andriele | F44: Andriele | G44: Andriele | H44: Andriele
A45: Piçarras | B45: Karla | C45: KARLA | D45: KARLA | E45: Karla | F45: Karla | G45: Karla | H45: Karla
B46: LAURA | C46: LAURA | D46: LAURA | E46: Laura | F46: Laura | G46: Laura | H46: Laura
B47: Iara | C47: IARA | D47: IARA | E47: Iara | F47: Iara | G47: Iara | H47: Iara
B48: Roberto | C48: Roberto | D48: Roberto | E48: ROBERTO | F48: Roberto | G48: Roberto | H48: Roberto
A49: Piçarras/Penha | B49: LUIZ | C49: LUIZ | D49: Luiz | E49: Luiz | F49: Luiz | G49: Luiz | H49: Luiz
B50: Diogo | C50: Diogo | D50: Diogo | E50: DIOGO | F50: Diogo | G50: Diogo | H50: Diogo
A51: Externo | B51: Miguel | C51: MIGUEL | D51: MIGUEL | E51: Miguel | F51: Miguel | G51: Miguel | H51: Miguel
A52: Plantões | B52: Sábado | C52: Domingo | D52: Segunda-feira | E52: Terça-feira | F52: Quarta-feira | G52: Quinta-feira
B53: 44737 | C53: 44738 | D53: 44739 | E53: 44740 | F53: 44741 | G53: 44742
A54: Penha | B54: ANDRESSA | C54: ANDRESSA | D54: Andressa | E54: Andressa | F54: Andressa | G54: Andressa
B55: ISADORA | C55: Isadora | D55: Isadora | E55: Isadora | F55: Isadora | G55: Isadora
B56: Andréia | C56: ANDRÉIA | D56: ANDRÉIA | E56: Andréia | F56: Andréia | G56: Andréia
B57: ANDRIELE | C57: ANDRIELE | D57: Andriele | E57: Andriele | F57: Andriele | G57: Andriele
A58: Piçarras | B58: KARLA | C58: Karla | D58: Karla | E58: KARLA | F58: Karla | G58: Karla
B59: Laura | C59: LAURA | D59: Laura | E59: Laura | F59: Laura | G59: Laura
B60: Iara | C60: Iara | D60: Iara | E60: IARA | F60: Iara | G60: Iara
B61: Roberto | C61: ROBERTO | D61: ROBERTO | E61: Roberto | F61: Roberto | G61: Roberto
A62: Piçarras/Penha | B62: LUIZ | C62: LUIZ | D62: Luiz | E62: Luiz | F62: Luiz | G62: Luiz
B63: Diogo | C63: DIOGO | D63: DIOGO | E63: Diogo | F63: Diogo | G63: Diogo
A64: Externo | B64: Miguel | C64: Miguel | D64: Miguel | E64: MIGUEL | F64: Miguel | G64: Miguel
A68: Eventos do mês
A69: 44718 | B69: Festa do Divino (Penha)
A70: 44728 | B70: Corpus Christi

Sheet Julho_22
A1: ESCALA DE TRABALHO - JULHO_2022
A2: Plantões | B2: Sábado | C2: Domingo | D2: Segunda-feira | E2: Terça-feira | F2: Quarta-feira | G2: Quinta-feira | H2: Sexta-feira
H3: 44743
A4: Penha | H4: Andressa
H5: Isadora
H6: Andréia
H7: Andriele
A8: Piçarras | H8: Karla
H9: Laura
H10: Iara
H11: Roberto
A12: Piçarras/Penha | H12: Luiz
H13: Diogo
A14: Externo | H14: Miguel
A15: Plantões | B15: Sábado | C15: Domingo | D15: Segunda-feira | E15: Terça-feira | F15: Quarta-feira | G15: Quinta-feira | H15: Sexta-feira
B16: 44744 | C16: 44745 | D16: 44746 | E16: 44747 | F16: 44748 | G16: 44749 | H16: 44750
A17: Penha | B17: ANDRESSA | C17: ANDRESSA | D17: Andressa | E17: Andressa | F17: Andressa | G17: Andressa | H17: Andressa
B18: ISADORA | C18: Isadora | D18: Isadora | E18: ISADORA | F18: Isadora | G18: Isadora | H18: Isadora
B19: Andréia | C19: ANDRÉIA | D19: ANDRÉIA | E19: Andréia | F19: Andréia | G19: Andréia | H19: Andréia
B20: ANDRIELE | C20: ANDRIELE | D20: Andriele | E20: Andriele | F20: Andriele | G20: Andriele | H20: Andriele
A21: Piçarras | B21: Karla | C21: KARLA | D21: KARLA | E21: Karla | F21: Karla | G21: Karla | H21: Karla
B22: LAURA | C22: Laura | D22: Laura | E22: LAURA | F22: Laura | G22: Laura | H22: Laura
B23: Iara | C23: IARA | D23: IARA | E23: Iara | F23: Iara | G23: Iara | H23: Iara
B24: Roberto | C24: Roberto | D24: Roberto | E24: ROBERTO | F24: Roberto | G24: Roberto | H24: Roberto
A25: Piçarras/Penha | B25: LUIZ | C25: LUIZ | D25: Luiz | E25: Luiz | F25: Luiz | G25: Luiz | H25: Luiz
B26: Diogo | C26: Diogo | D26: Diogo | E26: DIOGO | F26: Diogo | G26: Diogo | H26: Diogo
A27: Externo | B27: Miguel | C27: MIGUEL | D27: MIGUEL | E27: Miguel | F27: Miguel | G27: Miguel | H27: Miguel
A28: Plantões | B28: Sábado | C28: Domingo | D28: Segunda-feira | E28: Terça-feira | F28: Quarta-feira | G28: Quinta-feira | H28: Sexta-feira
B29: 44751 | C29: 44752 | D29: 44753 | E29: 44754 | F29: 44755 | G29: 44756 | H29: 44757
A30: Penha | B30: ANDRESSA | C30: ANDRESSA | D30: Andressa | E30: Andressa | F30: Andressa | G30: Andressa | H30: Andressa
B31: Isadora | C31: ISADORA | D31: ISADORA | E31: Isadora | F31: Isadora | G31: Isadora | H31: Isadora
B32: ANDRÉIA | C32: Andréia | D32: Andréia | E32: ANDRÉIA | F32: Andréia | G32: Andréia | H32: Andréia
B33: ANDRIELE | C33: ANDRIELE | D33: Andriele | E33: Andriele | F33: Andriele | G33: Andriele | H33: Andriele
A34: Piçarras | B34: KARLA | C34: Karla | D34: Karla | E34: KARLA | F34: Karla | G34: Karla | H34: Karla
B35: Laura | C35: LAURA | D35: LAURA | E35: Laura | F35: Laura | G35: Laura | H35: Laura
B36: Iara | C36: Iara | D36: Iara | E36: IARA | F36: Iara | G36: Iara | H36: Iara
B37: Roberto | C37: ROBERTO | D37: ROBERTO | E37: Roberto | F37: Roberto | G37: Roberto | H37: Roberto
A38: Piçarras/Penha | B38: LUIZ | C38: LUIZ | D38: Luiz | E38: Luiz | F38: Luiz | G38: Luiz | H38: Luiz
B39: Diogo | C39: Diogo | D39: DIOGO | E39: Diogo | F39: Diogo | G39: Diogo | H39: Diogo
A40: Externo | B40: Miguel | C40: Miguel | D40: Miguel | E40: MIGUEL | F40: Miguel | G40: Miguel | H40: Miguel
A41: Plantões | B41: Sábado | C41: Domingo | D41: Segunda-feira | E41: Terça-feira | F41: Quarta-feira | G41: Quinta-feira | H41: Sexta-feira
B42: 44758 | C42: 44759 | D42: 44760 | E42: 44761 | F42: 44762 | G42: 44763 | H42: 44764
A43: Penha | B43: ANDRESSA | C43: ANDRESSA | D43: Andressa | E43: Andressa | F43: Andressa | G43: Andressa | H43: Andressa
B44: ISADORA | C44: Isadora | D44: Isadora | E44: ISADORA | F44: ISADORA | G44: Isadora | H44: Isadora
B45: Andréia | C45: ANDRÉIA | D45: ANDRÉIA | E45: Andréia | F45: Andréia | G45: ANDRÉIA | H45: Andréia
B46: ANDRIELE | C46: ANDRIELE | D46: Andriele | E46: Andriele | F46: Andriele | G46: Andriele | H46: Andriele
A47: Piçarras | B47: Karla | C47: KARLA | D47: KARLA | E47: Karla | F47: Karla | G47: Karla | H47: Karla
B48: LAURA | C48: Laura | D48: Laura | E48: LAURA | F48: LAURA | G48: Laura | H48: Laura
B49: Iara | C49: IARA | D49: IARA | E49: Iara | F49: Iara | G49: Iara | H49: Iara
B50: Roberto | C50: Roberto | D50: Roberto | E50: ROBERTO | F50: Roberto | G50: Roberto | H50: Roberto
A51: Piçarras/Penha | B51: LUIZ | C51: LUIZ | D51: Luiz | E51: Luiz | F51: Luiz | G51: Luiz | H51: Luiz
B52: Diogo | C52: Diogo | D52: Diogo | E52: DIOGO | F52: Diogo | G52: Diogo | H52: Diogo
A53: Externo | B53: Miguel | C53: MIGUEL | D53: MIGUEL | E53: Miguel | F53: Miguel | G53: Miguel | H53: Miguel
A54: Plantões | B54: Sábado | C54: Domingo | D54: Segunda-feira | E54: Terça-feira | F54: Quarta-feira | G54: Quinta-feira | H54: Sexta-feira
B55: 44765 | C55: 44766 | D55: 44767 | E55: 44768 | F55: 44769 | G55: 44770 | H55: 44771
A56: Penha | B56: ANDRESSA | C56: ANDRESSA | D56: Andressa | E56: Andressa | F56: Andressa | G56: Andressa | H56: Andressa
B57: Isadora | C57: ISADORA | D57: ISADORA | E57: Isadora | F57: Isadora | G57: Isadora | H57: Isadora
B58: ANDRÉIA | C58: Andréia | D58: Andréia | E58: ANDRÉIA | F58: Andréia | G58: Andréia | H58: Andréia
B59: ANDRIELE | C59: ANDRIELE | D59: Andriele | E59: Andriele | F59: Andriele | G59: Andriele | H59: Andriele
A60: Piçarras | B60: KARLA | C60: Karla | D60: Karla | E60: KARLA | F60: Karla | G60: Karla | H60: Karla
B61: LARISSA | C61: Larissa | D61: Larissa | E61: LARISSA | F61: Larissa | G61: Larissa | H61: Larissa
B62: Laura | C62: LAURA | D62: Laura | E62: Laura | F62: Laura | G62: Laura | H62: Laura
B63: Iara | C63: Iara | D63: Iara | E63: IARA | F63: Iara | G63: Iara | H63: Iara
B64: Roberto | C64: ROBERTO | D64: ROBERTO | E64: Roberto | F64: Roberto | G64: Roberto | H64: Roberto
A65: Piçarras/Penha | B65: LUIZ | C65: LUIZ | D65: Luiz | E65: Luiz | F65: Luiz | G65: Luiz | H65: Luiz
B66: Diogo | C66: DIOGO | D66: DIOGO | E66: Diogo | F66: Diogo | G66: Diogo | H66: Diogo
A67: Externo | B67: Miguel | C67: Miguel | D67: Miguel | E67: MIGUEL | F67: Miguel | G67: Miguel | H67: Miguel
A68: Plantões | B68: Sábado | C68: Domingo
B69: 44772 | C69: 44773
A70: Penha | B70: ANDRESSA | C70: ANDRESSA
B71: ISADORA | C71: Isadora
B72: Andréia | C72: ANDRÉIA
B73: ANDRIELE | C73: ANDRIELE
A74: Piçarras | B74: Karla | C74: KARLA
B75: Larissa | C75: LARISSA
B76: LAURA | C76: Laura
B77: Iara | C77: IARA
B78: Roberto | C78: Roberto
A79: Piçarras/Penha | B79: LUIZ | C79: LUIZ
B80: Diogo | C80: Diogo
A81: Externo | B81: Miguel | C81: MIGUEL
A84: OBS: DIOGO DE FÉRIAS DE 13/08 ATÉ 22/08

Sheet Agosto_22
A1: ESCALA DE TRABALHO - AGOSTO_2022
A2: Plantões | B2: Sábado | C2: Domingo | D2: Segunda-feira | E2: Terça-feira | F2: Quarta-feira | G2: Quinta-feira | H2: Sexta-feira
D3: 44774 | E3: 44775 | F3: 44776 | G3: 44777 | H3: 44778
A4: Penha | E4: Andriele | G4: Isa/Andréia
A5: Piçarras | D5: Andressa | E5: Andressa | F5: Andressa | G5: Andressa | H5: Andressa
D6: Isadora | E6: ISADORA | F6: Isadora | G6: Isadora | H6: Isadora
D7: ANDRÉIA | E7: Andréia | F7: Andréia | G7: Andréia | H7: Andréia
F8: Adilson | G8: Adilson | H8: Adilson
D9: Andriele | F9: Andriele | G9: Andriele | H9: Andriele
D10: KARLA | E10: Karla | F10: Karla | G10: Karla | H10: Karla
D11: LARISSA | E11: Larissa | F11: Larissa | G11: Larissa | H11: Larissa
D12: Laura | E12: LAURA | F12: Laura | G12: Laura | H12: Laura
D13: IARA | E13: Iara | F13: Iara | G13: Iara | H13: Iara
D14: Roberto | E14: ROBERTO | F14: Roberto | G14: Roberto | H14: Roberto
A15: Piçarras/Penha | D15: Luiz | E15: Luiz | F15: Luiz | G15: Luiz | H15: Luiz
D16: Diogo | E16: DIOGO | F16: Diogo | G16: Diogo | H16: Diogo
A17: Externo | D17: MIGUEL | E17: Miguel | F17: Miguel | G17: Miguel | H17: Miguel
A18: Plantões | B18: Sábado | C18: Domingo | D18: Segunda-feira | E18: Terça-feira | F18: Quarta-feira | G18: Quinta-feira | H18: Sexta-feira
B19: 44779 | C19: 44780 | D19: 44781 | E19: 44782 | F19: 44783 | G19: 44784 | H19: 44785
A20: Penha | E20: Andriele | F20: Karla | G20: Isa/Andréia | H20: Karla
A21: Piçarras | B21: ANDRESSA | C21: ANDRESSA | D21: Andressa | E21: Andressa | F21: Andressa | G21: Andressa | H21: Andressa
B22: Isadora | C22: ISADORA | D22: ISADORA | E22: Isadora | F22: Isadora | G22: Isadora | H22: Isadora
B23: ANDRÉIA | C23: Andréia | D23: Andréia | E23: ANDRÉIA | F23: Andréia | G23: Andréia | H23: Andréia
B24: ANDRIELE | C24: ANDRIELE | D24: Andriele | F24: Andriele | G24: Andriele | H24: Andriele
B25: Adilson | C25: ADILSON | D25: ADILSON | E25: Adilson | F25: Adilson | G25: Adilson | H25: Adilson
B26: KARLA | C26: Karla | D26: Karla | E26: KARLA | G26: Karla
B27: LARISSA | C27: Larissa | D27: Larissa | E27: LARISSA | F27: Larissa | G27: Larissa | H27: Larissa
B28: Laura | C28: LAURA | D28: LAURA | E28: Laura | F28: Laura | G28: Laura | H28: Laura
B29: Iara | C29: Iara | D29: Iara | E29: IARA | F29: Iara | G29: Iara | H29: Iara
B30: Roberto | C30: ROBERTO | D30: ROBERTO | E30: Roberto | F30: Roberto | G30: Roberto | H30: Roberto
A31: Piçarras/Penha | B31: LUIZ | C31: LUIZ | D31: Luiz | E31: Luiz | F31: Luiz | G31: Luiz | H31: Luiz
B32: Diogo | C32: DIOGO | D32: DIOGO | E32: Diogo | F32: Diogo | G32: Diogo | H32: Diogo
A33: Externo | B33: Miguel | C33: Miguel | D33: Miguel | E33: MIGUEL | F33: Miguel | G33: Miguel | H33: Miguel
A34: Plantões | B34: Sábado | C34: Domingo | D34: Segunda-feira | E34: Terça-feira | F34: Quarta-feira | G34: Quinta-feira | H34: Sexta-feira
B35: 44786 | C35: 44787 | D35: 44788 | E35: 44789 | F35: 44790 | G35: 44791 | H35: 44792
A36: Penha | E36: Andriele | F36: Karla | G36: Isa/Andréia | H36: Karla
A37: Piçarras | B37: ANDRESSA | C37: ANDRESSA | D37: Andressa | E37: Andressa | F37: Andressa | G37: Andressa | H37: Andressa
B38: ISADORA | C38: Isadora | D38: Isadora | E38: ISADORA | F38: Isadora | G38: Isadora | H38: Isadora
B39: Andréia | C39: ANDRÉIA | D39: ANDRÉIA | E39: Andréia | F39: Andréia | G39: Andréia | H39: Andréia
B40: ANDRIELE | C40: ANDRIELE | D40: Andriele | F40: Andriele | G40: Andriele | H40: Andriele
B41: Adilson | C41: Adilson | D41: Adilson | E41: ADILSON | F41: Adilson | G41: Adilson | H41: Adilson
B42: Karla | C42: KARLA | D42: KARLA | E42: Karla | G42: Karla
B43: Larissa | C43: LARISSA | D43: LARISSA | E43: Larissa | F43: Larissa | G43: Larissa | H43: Larissa
B44: LAURA | C44: Laura | D44: Laura | E44: LAURA | F44: Laura | G44: Laura | H44: Laura
B45: Iara | C45: IARA | D45: IARA | E45: Iara | F45: Iara | G45: Iara | H45: Iara
B46: Roberto | C46: Roberto | D46: Roberto | E46: ROBERTO | F46: Roberto | G46: Roberto | H46: Roberto
A47: Piçarras/Penha | B47: LUIZ | C47: LUIZ | D47: Luiz | E47: Luiz | F47: Luiz | G47: Luiz | H47: Luiz
B48: DIOGO | C48: DIOGO | D48: DIOGO | E48: DIOGO | F48: DIOGO | G48: DIOGO | H48: DIOGO
A49: Externo | B49: Miguel | C49: MIGUEL | D49: MIGUEL | E49: Miguel | F49: Miguel | G49: Miguel | H49: Miguel
A50: Plantões | B50: Sábado | C50: Domingo | D50: Segunda-feira | E50: Terça-feira | F50: Quarta-feira | G50: Quinta-feira | H50: Sexta-feira
B51: 44793 | C51: 44794 | D51: 44795 | E51: 44796 | F51: 44797 | G51: 44798 | H51: 44799
A52: Penha | E52: Andriele | F52: Karla | G52: Isa/Andréia | H52: Karla
A53: Piçarras | B53: ANDRESSA | C53: ANDRESSA | D53: Andressa | E53: Andressa | F53: Andressa | G53: Andressa | H53: Andressa
B54: Isadora | C54: ISADORA | D54: ISADORA | E54: Isadora | F54: Isadora | G54: Isadora | H54: Isadora
B55: ANDRÉIA | C55: Andréia | D55: Andréia | E55: ANDRÉIA | F55: Andréia | G55: Andréia | H55: Andréia
B56: ANDRIELE | C56: ANDRIELE | D56: Andriele | F56: Andriele | G56: Andriele | H56: Andriele
B57: Adilson | C57: ADILSON | D57: ADILSON | E57: Adilson | F57: Adilson | G57: Adilson | H57: Adilson
B58: KARLA | C58: Karla | D58: Karla | E58: KARLA | G58: Karla
B59: LARISSA | C59: Larissa | D59: Larissa | E59: LARISSA | F59: Larissa | G59: Larissa | H59: Larissa
B60: Laura | C60: LAURA | D60: LAURA | E60: Laura | F60: Laura | G60: Laura | H60: Laura
B61: Iara | C61: Iara | D61: Iara | E61: IARA | F61: Iara | G61: Iara | H61: Iara
A62: Piçarras/Penha | B62: Roberto | C62: ROBERTO | D62: ROBERTO | E62: Roberto | F62: Roberto | G62: Roberto | H62: Roberto
B63: LUIZ | C63: LUIZ | D63: Luiz | E63: Luiz | F63: Luiz | G63: Luiz | H63: Luiz
A64: Externo | B64: DIOGO | C64: DIOGO | D64: DIOGO | E64: Diogo | F64: Diogo | G64: Diogo | H64: Diogo
A65: Plantões | B65: Miguel | C65: Miguel | D65: Miguel | E65: MIGUEL | F65: Miguel | G65: Miguel | H65: Miguel
B66: 44800 | C66: 44801 | D66: 44802 | E66: 44803 | F66: 44804
A67: Penha | E67: Andriele | F67: Karla
A68: Piçarras | B68: ANDRESSA | C68: ANDRESSA | D68: Andressa | E68: Andressa | F68: Andressa
B69: ISADORA | C69: Isadora | D69: Isadora | E69: ISADORA | F69: Isadora
B70: Andréia | C70: ANDRÉIA | D70: ANDRÉIA | E70: Andréia | F70: Andréia
B71: ANDRIELE | C71: ANDRIELE | D71: Andriele | F71: Andriele
B72: Adilson | C72: Adilson | D72: Adilson | E72: ADILSON | F72: Adilson
B73: Karla | C73: KARLA | D73: KARLA | E73: Karla
B74: Larissa | C74: LARISSA | D74: LARISSA | E74: Larissa | F74: Larissa
B75: LAURA | C75: Laura | D75: Laura | E75: LAURA | F75: Laura
B76: Iara | C76: IARA | D76: IARA | E76: Iara | F76: Iara
A77: Piçarras/Penha | B77: Roberto | C77: Roberto | D77: Roberto | E77: ROBERTO | F77: Roberto
B78: LUIZ | C78: LUIZ | D78: Luiz | E78: Luiz | F78: Luiz
B79: Diogo | C79: Diogo | D79: Diogo | E79: DIOGO | F79: Diogo
A80: Externo | B80: Miguel | C80: MIGUEL | D80: MIGUEL | E80: Miguel | F80: Miguel
B82: OBS: Férias Diogo de 13/08 até 22/08

Sheet Setembro_22
A1: ESCALA DE TRABALHO - SETEMBRO_2022
A2: Plantões | B2: Sábado | C2: Domingo | D2: Segunda-feira | E2: Terça-feira | F2: Quarta-feira | G2: Quinta-feira | H2: Sexta-feira
G3: 44805 | H3: 44806
A4: Penha | G4: Isa/Andréia
A5: Piçarras | G5: Andressa | H5: Andressa
G6: Isadora | H6: Isadora
G7: Andréia | H7: Andréia
G8: Andriele | H8: Andriele
G9: Adilson | H9: Adilson
G10: Larissa | H10: Larissa
G11: Laura | H11: Laura
G12: Iara | H12: Iara
G13: Roberto | H13: Roberto
A14: Piçarras/Penha | G14: Luiz | H14: Luiz
G15: Diogo | H15: Diogo
A16: Externo | G16: Miguel | H16: Miguel
A17: Plantões | B17: Sábado | C17: Domingo | D17: Segunda-feira | E17: Terça-feira | F17: Quarta-feira | G17: Quinta-feira | H17: Sexta-feira
B18: 44807 | C18: 44808 | D18: 44809 | E18: 44810 | F18: 44811 | G18: 44812 | H18: 44813
A19: Penha | E19: Andriele | G19: Isa/Andréia
A20: Piçarras | B20: ANDRESSA | C20: ANDRESSA | D20: Andressa | E20: Andressa | F20: Andressa | G20: Andressa | H20: Andressa
B21: Isadora | C21: ISADORA | D21: ISADORA | E21: Isadora | F21: Isadora | G21: Isadora | H21: Isadora
B22: ANDRÉIA | C22: Andréia | D22: Andréia | E22: ANDRÉIA | F22: ANDRÉIA | G22: Andréia | H22: Andréia
B23: ANDRIELE | C23: ANDRIELE | D23: Andriele | F23: ANDRIELE | G23: Andriele | H23: Andriele
B24: Adilson | C24: ADILSON | D24: ADILSON | E24: Adilson | F24: Adilson | G24: Adilson | H24: Adilson
B25: LARISSA | C25: Larissa | D25: Larissa | E25: LARISSA | F25: LARISSA | G25: Larissa | H25: Larissa
B26: Laura | C26: LAURA | D26: LAURA | E26: Laura | F26: Laura | G26: Laura | H26: Laura
B27: Iara | C27: Iara | D27: Iara | E27: IARA | F27: Iara | G27: Iara | H27: Iara
B28: Roberto | C28: ROBERTO | D28: ROBERTO | E28: Roberto | F28: Roberto | G28: Roberto | H28: Roberto
A29: Piçarras/Penha | B29: LUIZ | C29: LUIZ | D29: Luiz | E29: Luiz | F29: Luiz | G29: Luiz | H29: Luiz
B30: Diogo | C30: DIOGO | D30: DIOGO | E30: Diogo | F30: Diogo | G30: Diogo | H30: Diogo
A31: Externo | B31: Miguel | C31: Miguel | D31: Miguel | E31: MIGUEL | F31: Miguel | G31: Miguel | H31: Miguel
A32: Plantões | B32: Sábado | C32: Domingo | D32: Segunda-feira | E32: Terça-feira | F32: Quarta-feira | G32: Quinta-feira | H32: Sexta-feira
B33: 44814 | C33: 44815 | D33: 44816 | E33: 44817 | F33: 44818 | G33: 44819 | H33: 44820
A34: Penha | E34: Andriele | G34: Isa/Andréia
A35: Piçarras | B35: ANDRESSA | C35: ANDRESSA | D35: Andressa | E35: Andressa | F35: Andressa | G35: Andressa | H35: Andressa
B36: ISADORA | C36: Isadora | D36: ISADORA | E36: ISADORA | F36: Isadora | G36: Isadora | H36: Isadora
B37: Andréia | C37: ANDRÉIA | D37: ANDRÉIA | E37: Andréia | F37: Andréia | G37: Andréia | H37: Andréia
B38: ANDRIELE | C38: ANDRIELE | D38: Andriele | F38: Andriele | G38: Andriele | H38: Andriele
B39: Adilson | C39: Adilson | D39: Adilson | E39: ADILSON | F39: Adilson | G39: Adilson | H39: Adilson
B40: Larissa | C40: LARISSA | D40: LARISSA | E40: Larissa | F40: Larissa | G40: Larissa | H40: Larissa
B41: LAURA | C41: LAURA | D41: Laura | E41: Laura | F41: Laura | G41: Laura | H41: LAURA
B42: Iara | C42: IARA | D42: IARA | E42: Iara | F42: Iara | G42: Iara | H42: Iara
B43: Roberto | C43: Roberto | D43: Roberto | E43: ROBERTO | F43: Roberto | G43: Roberto | H43: Roberto
A44: Piçarras/Penha | B44: LUIZ | C44: LUIZ | D44: Luiz | E44: Luiz | F44: Luiz | G44: Luiz | H44: Luiz
B45: Diogo | C45: Diogo | D45: Diogo | E45: DIOGO | F45: Diogo | G45: Diogo | H45: Diogo
A46: Externo | B46: Miguel | C46: MIGUEL | D46: MIGUEL | E46: Miguel | F46: Miguel | G46: Miguel | H46: Miguel
A47: Plantões | B47: Sábado | C47: Domingo | D47: Segunda-feira | E47: Terça-feira | F47: Quarta-feira | G47: Quinta-feira | H47: Sexta-feira
B48: 44821 | C48: 44822 | D48: 44823 | E48: 44824 | F48: 44825 | G48: 44826 | H48: 44827
A49: Penha | E49: Andriele | G49: Isa/Andréia
A50: Piçarras | B50: ANDRESSA | C50: ANDRESSA | D50: Andressa | E50: Andressa | F50: Andressa | G50: Andressa | H50: Andressa
B51: Isadora | C51: ISADORA | D51: ISADORA | E51: Isadora | F51: Isadora | G51: Isadora | H51: Isadora
B52: ANDRÉIA | C52: Andréia | D52: Andréia | E52: ANDRÉIA | F52: Andréia | G52: Andréia | H52: Andréia
B53: ANDRIELE | C53: ANDRIELE | D53: Andriele | F53: Andriele | G53: Andriele | H53: Andriele
B54: Adilson | C54: ADILSON | D54: ADILSON | E54: Adilson | F54: Adilson | G54: Adilson | H54: Adilson
B55: LARISSA | C55: Larissa | D55: Larissa | E55: LARISSA | F55: Larissa | G55: Larissa | H55: Larissa
B56: Laura | C56: Laura | D56: LAURA | E56: Laura | F56: Laura | G56: Laura | H56: Laura
B57: Iara | C57: Iara | D57: Iara | E57: IARA | F57: Iara | G57: Iara | H57: Iara
A58: Piçarras/Penha | B58: Roberto | C58: ROBERTO | D58: ROBERTO | E58: Roberto | F58: Roberto | G58: Roberto | H58: Roberto
B59: LUIZ | C59: LUIZ | D59: Luiz | E59: Luiz | F59: Luiz | G59: Luiz | H59: Luiz
A60: Externo | B60: Diogo | C60: DIOGO | D60: DIOGO | E60: Diogo | F60: Diogo | G60: Diogo | H60: Diogo
A61: Plantões | B61: Miguel | C61: Miguel | D61: Miguel | E61: MIGUEL | F61: Miguel | G61: Miguel | H61: Miguel
B62: 44828 | C62: 44829 | D62: 44830 | E62: 44831 | F62: 44832 | G62: 44833 | H62: 44834
A63: Penha | E63: Andriele | G63: Isa/Andréia
A64: Piçarras | B64: ANDRESSA | C64: ANDRESSA | D64: Andressa | E64: Andressa | F64: Andressa | G64: Andressa | H64: Andressa
B65: ISADORA | C65: Isadora | D65: Isadora | E65: ISADORA | F65: Isadora | G65: Isadora | H65: Isadora
B66: Andréia | C66: ANDRÉIA | D66: ANDRÉIA | E66: Andréia | F66: Andréia | G66: Andréia | H66: Andréia
B67: ANDRIELE | C67: ANDRIELE | D67: Andriele | F67: Andriele | G67: Andriele | H67: Andriele
B68: Adilson | C68: Adilson | D68: Adilson | E68: ADILSON | F68: Adilson | G68: Adilson | H68: Adilson
B69: Larissa | C69: LARISSA | D69: LARISSA | E69: Larissa | F69: Larissa | G69: Larissa | H69: Larissa
B70: LAURA | C70: Laura | D70: Laura | E70: LAURA | F70: LAURA | G70: Laura | H70: Laura
B71: Iara | C71: IARA | D71: IARA | E71: Iara | F71: Iara | G71: Iara | H71: Iara
A72: Piçarras/Penha | B72: Roberto | C72: Roberto | D72: Roberto | E72: ROBERTO | F72: Roberto | G72: Roberto | H72: Roberto
B73: LUIZ | C73: LUIZ | D73: Luiz | E73: Luiz | F73: Luiz | G73: Luiz | H73: Luiz
B74: Diogo | C74: Diogo | D74: Diogo | E74: DIOGO | F74: Diogo | G74: Diogo | H74: Diogo
A75: Externo | B75: Miguel | C75: MIGUEL | D75: MIGUEL | E75: Miguel | F75: Miguel | G75: Miguel | H75: Miguel
B77: OBS: 07/09 FERIADO - INDEPENDÊNCIA BRASIL

Sheet Outubro_22
A1: ESCALA DE TRABALHO - OUTUBRO_2022
A2: Plantões | B2: Sábado | C2: Domingo | D2: Segunda-feira | E2: Terça-feira | F2: Quarta-feira | G2: Quinta-feira | H2: Sexta-feira
B3: 44835 | C3: 44836 | D3: 44837 | E3: 44838 | F3: 44839 | G3: 44840 | H3: 44841
A4: Penha | E4: Andriele | G4: Isa/Andréia
A5: Piçarras | B5: ANDRESSA | C5: ANDRESSA | D5: Andressa | E5: Andressa | F5: Andressa | G5: Andressa | H5: Andressa
B6: Isadora | C6: ISADORA | D6: ISADORA | E6: ISADORA | F6: ISADORA | G6: Isadora | H6: Isadora
B7: ANDRÉIA | C7: ANDRÉIA | D7: Andréia | E7: ANDRÉIA | F7: Andréia | G7: Andréia | H7: Andréia
B8: Gabryella | C8: GABRYELLA | D8: GABRYELLA | E8: Gabryella | F8: Gabryella | G8: Gabryella | H8: Gabryella
B9: ANDRIELE | C9: ANDRIELE | D9: Andriele | E9: Andriele | F9: Andriele | G9: Andriele | H9: Andriele
B10: Adilson | C10: ADILSON | D10: ADILSON | E10: Adilson | F10: Adilson | G10: Adilson | H10: Adilson
B11: LARISSA | C11: LARISSA | D11: Larissa | E11: LARISSA | F11: Larissa | G11: Larissa | H11: Larissa
B12: Laura | C12: LAURA | D12: LAURA | E12: Laura | F12: Laura | G12: Laura | H12: Laura
B13: Iara | C13: Iara | D13: Iara | E13: IARA | F13: Iara | G13: Iara | H13: Iara
B14: Roberto | C14: ROBERTO | D14: ROBERTO | E14: Roberto | F14: Roberto | G14: Roberto | H14: Roberto
A15: Piçarras/Penha | B15: LUIZ | C15: LUIZ | D15: Luiz | E15: Luiz | F15: Luiz | G15: Luiz | H15: Luiz
B16: Diogo | C16: DIOGO | D16: DIOGO | E16: Diogo | F16: Diogo | G16: Diogo | H16: Diogo
A17: Externo | B17: Miguel | C17: Miguel | D17: Miguel | E17: MIGUEL | F17: Miguel | G17: Miguel | H17: Miguel
A18: Plantões | B18: Sábado | C18: Domingo | D18: Segunda-feira | E18: Terça-feira | F18: Quarta-feira | G18: Quinta-feira | H18: Sexta-feira
B19: 44842 | C19: 44843 | D19: 44844 | E19: 44845 | F19: 44846 | G19: 44847 | H19: 44848
A20: Penha | E20: Andriele | G20: Isa/Andréia
A21: Piçarras | B21: ANDRESSA | C21: ANDRESSA | D21: Andressa | E21: Andressa | F21: ANDRESSA | G21: Andressa | H21: Andressa
B22: ISADORA | C22: Isadora | D22: Isadora | E22: Isadora | F22: Isadora | G22: Isadora | H22: Isadora
B23: Andréia | C23: ANDRÉIA | D23: ANDRÉIA | E23: Andréia | F23: ANDRÉIA | G23: Andréia | H23: Andréia
B24: GABRYELLA | C24: Gabryella | D24: Gabryella | E24: GABRYELLA | F24: GABRYELLA | G24: Gabryella | H24: Gabryella
B25: ANDRIELE | C25: ANDRIELE | D25: Andriele | E25: Andriele | F25: ANDRIELE | G25: ANDRIELE | H25: ANDRIELE
B26: Adilson | C26: Adilson | D26: Adilson | E26: ADILSON | F26: Adilson | G26: Adilson | H26: Adilson
B27: Larissa | C27: LARISSA | D27: LARISSA | E27: Larissa | F27: Larissa | G27: Larissa | H27: Larissa
B28: LAURA | C28: Laura | D28: Laura | E28: LAURA | F28: LAURA | G28: Laura | H28: Laura
B29: Iara | C29: IARA | D29: IARA | E29: Iara | F29: Iara | G29: Iara | H29: Iara
B30: Roberto | C30: Roberto | D30: Roberto | E30: ROBERTO | F30: Roberto | G30: Roberto | H30: Roberto
A31: Piçarras/Penha | B31: LUIZ | C31: LUIZ | D31: Luiz | E31: Luiz | F31: LUIZ | G31: Luiz | H31: Luiz
B32: Diogo | C32: Diogo | D32: Diogo | E32: DIOGO | F32: Diogo | G32: Diogo | H32: Diogo
A33: Externo | B33: Miguel | C33: MIGUEL | D33: MIGUEL | E33: Miguel | F33: Miguel | G33: Miguel | H33: Miguel
A34: Plantões | B34: Sábado | C34: Domingo | D34: Segunda-feira | E34: Terça-feira | F34: Quarta-feira | G34: Quinta-feira | H34: Sexta-feira
B35: 44849 | C35: 44850 | D35: 44851 | E35: 44852 | F35: 44853 | G35: 44854 | H35: 44855
A36: Penha | E36: Andriele | G36: Isa/Andréia
A37: Piçarras | B37: ANDRESSA | C37: ANDRESSA | D37: Andressa | E37: Andressa | F37: Andressa | G37: Andressa | H37: Andressa
B38: Isadora | C38: ISADORA | D38: ISADORA | E38: Isadora | F38: Isadora | G38: Isadora | H38: Isadora
B39: ANDRÉIA | C39: Andréia | D39: Andréia | E39: ANDRÉIA | F39: Andréia | G39: Andréia | H39: Andréia
B40: GABRYELLA | C40: GABRYELLA | D40: GABRYELLA | E40: Gabryella | F40: Gabryella | G40: Gabryella | H40: Gabryella
B41: ANDRIELE | C41: ANDRIELE | D41: ANDRIELE | E41: ANDRIELE | F41: ANDRIELE | G41: ANDRIELE | H41: ANDRIELE
B42: Adilson | C42: ADILSON | D42: ADILSON | E42: Adilson | F42: Adilson | G42: Adilson | H42: Adilson
B43: LARISSA | C43: Larissa | D43: Larissa | E43: LARISSA | F43: Larissa | G43: Larissa | H43: Larissa
B44: Laura | C44: LAURA | D44: LAURA | E44: Laura | F44: Laura | G44: Laura | H44: Laura
B45: GABRIELLE | C45: Gabrielle | D45: Gabrielle | E45: GABRIELLE | F45: Gabrielle | G45: Gabrielle | H45: Gabrielle
B46: Iara | C46: Iara | D46: Iara | E46: IARA | F46: Iara | G46: Iara | H46: Iara
B47: Roberto | C47: ROBERTO | D47: ROBERTO | E47: Roberto | F47: Roberto | G47: Roberto | H47: Roberto
A48: Piçarras/Penha | B48: LUIZ | C48: LUIZ | D48: LUIZ | E48: LUIZ | F48: LUIZ | G48: LUIZ | H48: LUIZ
B49: Diogo | C49: DIOGO | D49: DIOGO | E49: Diogo | F49: Diogo | G49: Diogo | H49: Diogo
A50: Externo | B50: Miguel | C50: Miguel | D50: Miguel | E50: MIGUEL | F50: Miguel | G50: Miguel | H50: Miguel
A51: Plantões | B51: Sábado | C51: Domingo | D51: Segunda-feira | E51: Terça-feira | F51: Quarta-feira | G51: Quinta-feira | H51: Sexta-feira
B52: 44856 | C52: 44857 | D52: 44858 | E52: 44859 | F52: 44860 | G52: 44861 | H52: 44862
A53: Penha | E53: Andriele | G53: Isa/Andréia
A54: Piçarras | B54: ANDRESSA | C54: ANDRESSA | D54: Andressa | E54: Andressa | F54: Andressa | G54: Andressa | H54: ANDRESSA
B55: ISADORA | C55: Isadora | D55: Isadora | E55: ISADORA | F55: Isadora | G55: Isadora | H55: Isadora
B56: Andréia | C56: ANDRÉIA | D56: ANDRÉIA | E56: Andréia | F56: Andréia | G56: Andréia | H56: Andréia
B57: GABRYELLA | C57: Gabryella | D57: Gabryella | E57: GABRYELLA | F57: Gabryella | G57: Gabryella | H57: Gabryella
B58: ANDRIELE | C58: ANDRIELE | D58: Andriele | F58: Andriele | G58: Andriele | H58: Andriele
B59: Adilson | C59: Adilson | D59: Adilson | E59: ADILSON | F59: Adilson | G59: Adilson | H59: Adilson
B60: Larissa | C60: LARISSA | D60: LARISSA | E60: Larissa | F60: Larissa | G60: Larissa | H60: Larissa
B61: LAURA | C61: Laura | D61: Laura | E61: LAURA | F61: Laura | G61: Laura | H61: Laura
B62: Gabrielle | C62: GABRIELLE | D62: GABRIELLE | E62: Gabrielle | F62: Gabrielle | G62: Gabrielle | H62: Gabrielle
B63: Iara | C63: IARA | D63: IARA | E63: Iara | F63: Iara | G63: Iara | H63: Iara
A64: Piçarras/Penha | B64: Roberto | C64: Roberto | D64: Roberto | E64: ROBERTO | F64: Roberto | G64: Roberto | H64: Roberto
B65: LUIZ | C65: LUIZ | D65: Luiz | E65: Luiz | F65: Luiz | G65: Luiz | H65: Luiz
A66: Externo | B66: Diogo | C66: Diogo | D66: Diogo | E66: DIOGO | F66: Diogo | G66: Diogo | H66: Diogo
A67: Plantões | B67: Miguel | C67: MIGUEL | D67: MIGUEL | E67: Miguel | F67: Miguel | G67: Miguel | H67: Miguel
B68: 44863 | C68: 44864 | D68: 44865
A69: Penha
A70: Piçarras | B70: ANDRESSA | C70: ANDRESSA | D70: Andressa
B71: Isadora | C71: ISADORA | D71: ISADORA | F71: OB: 02/10 - Eleições
B72: ANDRÉIA | C72: ANDRÉIA | D72: Andréia | F72: 12/10 - Feriado Nacional Nossa Sra Aparecida
B73: Gabryella | C73: GABRYELLA | D73: GABRYELLA | G73: 30/10 - 2° turno Eleiçoes
B74: ANDRIELE | C74: ANDRIELE | D74: Andriele
B75: Adilson | C75: ADILSON | D75: ADILSON
B76: LARISSA | C76: LARISSA | D76: LARISSA
B77: Laura | C77: LAURA | D77: LAURA | F77: Férias/casamento da Andrielle de 13/10 até 23/10
B78: GABRIELLE | C78: GABRIELLE | D78: Gabrielle
B79: Iara | C79: Iara | D79: Iara | F79: Férias Luiz de 17 até 21/10
A80: Piçarras/Penha | B80: Roberto | C80: ROBERTO | D80: ROBERTO
B81: LUIZ | C81: LUIZ | D81: Luiz
B82: Diogo | C82: DIOGO | D82: DIOGO
A83: Externo | B83: Miguel | C83: Miguel | D83: Miguel

Sheet Novembro_22
A1: ESCALA DE TRABALHO - NOVEMBRO_2022
A2: Plantões | B2: Sábado | C2: Domingo | D2: Segunda-feira | E2: Terça-feira | F2: Quarta-feira | G2: Quinta-feira | H2: Sexta-feira
E3: 44866 | F3: 44867 | G3: 44868 | H3: 44869
A4: Penha | E4: Andriele | G4: Andréia
A5: Piçarras | E5: Andressa | F5: ANDRESSA | G5: Andressa | H5: Andressa
E6: Andréia | F6: Andréia | G6: Andréia | H6: Andréia
E7: GABRYELLA | F7: GABRYELLA | G7: Gabryella | H7: Gabryella
E8: Andriele | F8: ANDRIELE | G8: Andriele | H8: Andriele
E9: Adilson | F9: Adilson | G9: Adilson | H9: Adilson
E10: Larissa | F10: Larissa | G10: Larissa | H10: Larissa
E11: Laura | F11: LAURA | G11: Laura | H11: Laura
E12: GABRIELLE | F12: GABRIELLE | G12: Gabrielle | H12: Gabrielle
E13: IARA | F13: Iara | G13: Iara | H13: Iara
E14: Roberto | F14: Roberto | G14: Roberto | H14: Roberto
E15: Diogo | F15: Diogo | G15: Diogo | H15: Diogo
A16: Externo | E16: MIGUEL | F16: Miguel | G16: Miguel | H16: Miguel
A17: Plantões | B17: Sábado | C17: Domingo | D17: Segunda-feira | E17: Terça-feira | F17: Quarta-feira | G17: Quinta-feira | H17: Sexta-feira
B18: 44870 | C18: 44871 | D18: 44872 | E18: 44873 | F18: 44874 | G18: 44875 | H18: 44876
A19: Penha | E19: Andrielle | G19: Laura | H19: Andrielle
A20: Piçarras | B20: ANDRESSA | C20: ANDRESSA | D20: Andressa | E20: Andressa | F20: Andressa | G20: Andressa | H20: Andressa
B21: Andréia | C21: ANDRÉIA | D21: ANDRÉIA | E21: Andréia | F21: Andréia | G21: Andréia | H21: Andréia
B22: GABRYELLA | C22: Gabryella | D22: Gabryella | E22: GABRYELLA | F22: Gabryella | G22: Gabryella | H22: Gabryella
B23: ANDRIELE | C23: ANDRIELE | D23: Andriele | E23: Andriele | F23: Andriele | G23: Andriele | H23: Andriele
B24: Adilson | C24: Adilson | D24: Adilson | E24: ADILSON | F24: Adilson | G24: Adilson | H24: Adilson
B25: Larissa | C25: LARISSA | D25: LARISSA | E25: Larissa | F25: Larissa | G25: Larissa | H25: Larissa
B26: LAURA | C26: LAURA | D26: Laura | E26: Laura | F26: Laura | G26: Laura | H26: Laura
B27: GABRIELLE | C27: Gabrielle | D27: Gabrielle | E27: GABRIELLE | F27: Gabrielle | G27: Gabrielle | H27: Gabrielle
B28: Iara | C28: IARA | D28: IARA | E28: Iara | F28: Iara | G28: Iara | H28: Iara
B29: Roberto | C29: Roberto | D29: Roberto | E29: ROBERTO | F29: Roberto | G29: Roberto | H29: Roberto
A30: Piçarras/Penha | B30: Diogo | C30: Diogo | D30: Diogo | E30: DIOGO | F30: Diogo | G30: Diogo | H30: Diogo
A31: Externo | B31: Miguel | C31: MIGUEL | D31: MIGUEL | E31: Miguel | F31: Miguel | G31: Miguel | H31: Miguel
A32: Plantões | B32: Sábado | C32: Domingo | D32: Segunda-feira | E32: Terça-feira | F32: Quarta-feira | G32: Quinta-feira | H32: Sexta-feira
B33: 44877 | C33: 44878 | D33: 44879 | E33: 44880 | F33: 44881 | G33: 44882 | H33: 44883
A34: Penha | D34: Gabrielle/Larissa | E34: Andrielle | F34: Laura | G34: Andréia/ Gabryella | H34: Laura
A35: Piçarras | B35: ANDRESSA | C35: ANDRESSA | D35: Andressa | E35: ANDRESSA | F35: Andressa | G35: Andressa | H35: Andressa
B36: ANDRÉIA | C36: Andréia | D36: Andréia | E36: ANDRÉIA | F36: ANDRÉIA | G36: Andréia | H36: Andréia
B37: Gabryella | C37: GABRYELLA | D37: GABRYELLA | E37: Gabryella | F37: Gabryella | G37: Gabryella | H37: Gabryella
B38: ANDRIELE | C38: ANDRIELE | D38: Andriele | E38: Andriele | F38: Andriele | G38: Andriele | H38: Andriele
B39: Adilson | C39: ADILSON | D39: ADILSON | E39: Adilson | F39: Adilson | G39: Adilson | H39: Adilson
B40: LARISSA | C40: Larissa | D40: Larissa | E40: LARISSA | F40: Larissa | G40: Larissa | H40: Larissa
B41: Laura | C41: LAURA | D41: Laura | E41: LAURA | F41: Laura | G41: Laura | H41: Laura
B42: GABRIELLE | C42: GABRIELLE | D42: Gabrielle | E42: Gabrielle | F42: Gabrielle | G42: GABRIELLE | H42: Gabrielle
B43: Iara | C43: Iara | D43: Iara | E43: IARA | F43: Iara | G43: Iara | H43: Iara
B44: Roberto | C44: ROBERTO | D44: ROBERTO | E44: Roberto | F44: Roberto | G44: Roberto | H44: Roberto
A45: Piçarras/Penha | B45: Diogo | C45: DIOGO | D45: DIOGO | E45: Diogo | F45: Diogo | G45: Diogo | H45: Diogo
A46: Externo | B46: Miguel | C46: Miguel | D46: Miguel | E46: MIGUEL | F46: Miguel | G46: Miguel | H46: Miguel
A47: Plantões | B47: Sábado | C47: Domingo | D47: Segunda-feira | E47: Terça-feira | F47: Quarta-feira | G47: Quinta-feira | H47: Sexta-feira
B48: 44884 | C48: 44885 | D48: 44886 | E48: 44887 | F48: 44888 | G48: 44889 | H48: 44890 | K48: FALTA 1 FOLGA LAURA
A49: Penha | D49: Gabrielle/Larissa | E49: Andrielle | F49: Laura | G49: Andréia/Gaby | H49: Andrielle | K49: FALTA 1 FOLGA LARISSA
A50: Piçarras | B50: Andressa | C50: ANDRESSA | D50: Andressa | E50: Andressa | F50: Andressa | G50: Andressa | H50: Andressa
B51: Andréia | C51: ANDRÉIA | D51: ANDRÉIA | E51: Andréia | F51: Andréia | G51: Andréia | H51: Andréia
B52: GABRYELLA | C52: Gabryella | D52: Gabryella | E52: GABRYELLA | F52: GABRYELLA | G52: Gabryella | H52: Gabryella
B53: ANDRIELE | C53: ANDRIELE | D53: Andriele | E53: Andriele | F53: Andriele | G53: Andriele | H53: Andriele
B54: Adilson | C54: Adilson | D54: Adilson | E54: ADILSON | F54: Adilson | G54: Adilson | H54: Adilson
B55: LARISSA | C55: LARISSA | D55: Larissa | E55: Larissa | F55: Larissa | G55: Larissa | H55: Larissa
B56: Laura | C56: Laura | D56: LAURA | E56: Laura | F56: LAURA | G56: Laura | H56: Laura
B57: Gabrielle | C57: GABRIELLE | D57: GABRIELLE | E57: Gabrielle | F57: Gabrielle | G57: Gabrielle | H57: Gabrielle
B58: Iara | C58: IARA | D58: IARA | E58: Iara | F58: Iara | G58: Iara | H58: Iara
B59: Roberto | C59: Roberto | D59: Roberto | E59: ROBERTO | F59: Roberto | G59: Roberto | H59: Roberto
A60: Piçarras/Penha | B60: Diogo | C60: Diogo | D60: Diogo | E60: DIOGO | F60: Diogo | G60: Diogo | H60: Diogo
A61: Externo | B61: Miguel | C61: MIGUEL | D61: MIGUEL | E61: Miguel | F61: Miguel | G61: Miguel | H61: Miguel
A62: Plantões | B62: Sábado | C62: Domingo | D62: Segunda-feira | E62: Terça-feira | F62: Quarta-feira
B63: 44891 | C63: 44892 | D63: 44893 | E63: 44894 | F63: 44895
A64: Penha | D64: Gabrielle/Larissa | E64: Andrielle | F64: Laura
A65: Piçarras | B65: ANDRESSA | C65: ANDRESSA | D65: Andressa | E65: Andressa | F65: Andressa
B66: ANDRÉIA | C66: Andréia | D66: Andréia | E66: ANDRÉIA | F66: ANDRÉIA
B67: Gabryella | C67: GABRYELLA | D67: GABRYELLA | E67: Gabryella | F67: Gabryella
B68: ANDRIELE | C68: ANDRIELE | D68: Andriele | E68: Andriele | F68: Andriele
B69: Adilson | C69: ADILSON | D69: ADILSON | E69: Adilson | F69: Adilson
B70: Larissa | C70: LARISSA | D70: LARISSA | E70: Larissa | F70: Larissa
B71: LAURA | C71: LAURA | D71: Laura | E71: Laura | F71: Laura
B72: GABRIELLE | C72: Gabrielle | D72: GABRIELLE | E72: Gabrielle | F72: Gabrielle
B73: Iara | C73: Iara | D73: Iara | E73: IARA | F73: Iara
B74: Roberto | C74: ROBERTO | D74: ROBERTO | E74: Roberto | F74: Roberto
A75: Piçarras/Penha | B75: Diogo | C75: DIOGO | D75: DIOGO | E75: Diogo | F75: Diogo
A76: Externo | B76: Miguel | C76: Miguel | D76: Miguel | E76: MIGUEL | F76: Miguel
A78: FERIADOS: | B78: 44867 | C78: FINADOS
B79: 44880 | C79: PROCLAMAÇÃO REPÚBLICA

Sheet Dezembro_22
A1: ESCALA DE TRABALHO - DEZEMBRO_2022
A2: Plantões | B2: Sábado | C2: Domingo | D2: Segunda-feira | E2: Terça-feira | F2: Quarta-feira | G2: Quinta-feira | H2: Sexta-feira
G3: 44896 | H3: 44897
A4: Penha | G4: Andréia/ Gabryella | H4: Andrielle
A5: Piçarras | G5: Andressa | H5: Andressa
G6: Andréia | H6: Andréia
G7: Gabryella | H7: Gabryella
G8: Andriele | H8: Andriele
G9: Adilson | H9: Adilson
G10: Larissa | H10: Larissa
G11: Laura | H11: Laura
G12: Gabrielle | H12: Gabrielle
G13: Iara | H13: Iara
G14: Roberto | H14: Roberto
G15: Diogo | H15: Diogo
A16: Externo | G16: Miguel | H16: Miguel
A17: Plantões | B17: Sábado | C17: Domingo | D17: Segunda-feira | E17: Terça-feira | F17: Quarta-feira | G17: Quinta-feira | H17: Sexta-feira
B18: 44898 | C18: 44899 | D18: 44900 | E18: 44901 | F18: 44902 | G18: 44903 | H18: 44904
A19: Penha | D19: Gabrielle/Larissa | E19: Andrielle | F19: Laura | G19: Andréia/ Gabryella | H19: Andrielle
A20: Piçarras | B20: ANDRESSA | C20: ANDRESSA | D20: Andressa | E20: Andressa | F20: Andressa | G20: Andressa | H20: Andressa
B21: Andréia | C21: ANDRÉIA | D21: ANDRÉIA | E21: Andréia | F21: Andréia | G21: Andréia | H21: Andréia
B22: GABRYELLA | C22: Gabryella | D22: Gabryella | E22: GABRYELLA | F22: Gabryella | G22: Gabryella | H22: Gabryella
B23: ANDRIELE | C23: ANDRIELE | D23: Andriele | E23: Andriele | F23: Andriele | G23: Andriele | H23: Andriele
B24: Adilson | C24: Adilson | D24: Adilson | E24: ADILSON | F24: Adilson | G24: Adilson | H24: Adilson
B25: Larissa | C25: LARISSA | D25: LARISSA | E25: Larissa | F25: Larissa | G25: Larissa | H25: Larissa
B26: LAURA | C26: Laura | D26: Laura | E26: LAURA | F26: Laura | G26: Laura | H26: Laura
B27: GABRIELLE | C27: GABRIELLE | D27: Gabrielle | E27: Gabrielle | F27: Gabrielle | G27: Gabrielle | H27: Gabrielle
B28: Iara | C28: IARA | D28: IARA | E28: Iara | F28: Iara | G28: Iara | H28: Iara
B29: Roberto | C29: Roberto | D29: Roberto | E29: ROBERTO | F29: Roberto | G29: Roberto | H29: Roberto
A30: Piçarras/Penha | B30: Diogo | C30: Diogo | D30: Diogo | E30: DIOGO | F30: Diogo | G30: Diogo | H30: Diogo
A31: Externo | B31: Miguel | C31: MIGUEL | D31: MIGUEL | E31: MIGUEL | F31: MIGUEL | G31: MIGUEL | H31: MIGUEL
A32: Plantões | B32: Sábado | C32: Domingo | D32: Segunda-feira | E32: Terça-feira | F32: Quarta-feira | G32: Quinta-feira | H32: Sexta-feira
B33: 44905 | C33: 44906 | D33: 44907 | E33: 44908 | F33: 44909 | G33: 44910 | H33: 44911
A34: Penha | D34: Gabrielle/Larissa | E34: Andrielle | F34: Laura | G34: Andréia/ Gabryella | H34: Andrielle
A35: Piçarras | B35: ANDRESSA | C35: ANDRESSA | D35: Andressa | E35: Andressa | F35: ANDRESSA | G35: Andressa | H35: Andressa
B36: ANDRÉIA | C36: Andréia | D36: Andréia | E36: ANDRÉIA | F36: ANDRÉIA | G36: Andréia | H36: Andréia
B37: Gabryella | C37: GABRYELLA | D37: GABRYELLA | E37: Gabryella | F37: Gabryella | G37: Gabryella | H37: Gabryella
B38: ANDRIELE | C38: ANDRIELE | D38: Andriele | E38: Andriele | F38: Andriele | G38: Andriele | H38: Andriele
B39: Adilson | C39: ADILSON | D39: ADILSON | E39: Adilson | F39: Adilson | G39: Adilson | H39: Adilson
B40: LARISSA | C40: LARISSA | D40: Larissa | E40: Larissa | F40: LARISSA | G40: Larissa | H40: Larissa
B41: LAURA | C41: Laura | D41: Laura | E41: LAURA | F41: LAURA | G41: Laura | H41: Laura
B42: Gabrielle | C42: GABRIELLE | D42: GABRIELLE | E42: Gabrielle | F42: Gabrielle | G42: Gabrielle | H42: Gabrielle
B43: Iara | C43: Iara | D43: Iara | E43: IARA | F43: Iara | G43: Iara | H43: Iara
B44: Roberto | C44: ROBERTO | D44: ROBERTO | E44: Roberto | F44: Roberto | G44: Roberto | H44: Roberto
A45: Piçarras/Penha | B45: Diogo | C45: DIOGO | D45: DIOGO | E45: Diogo | F45: Diogo | G45: Diogo | H45: Diogo
A46: Externo | B46: MIGUEL | C46: MIGUEL | D46: MIGUEL | E46: MIGUEL | F46: MIGUEL | G46: MIGUEL | H46: Miguel
A47: Plantões | B47: Sábado | C47: Domingo | D47: Segunda-feira | E47: Terça-feira | F47: Quarta-feira | G47: Quinta-feira | H47: Sexta-feira
B48: 44912 | C48: 44913 | D48: 44914 | E48: 44915 | F48: 44916 | G48: 44917 | H48: 44918
A49: Penha | D49: Gabrielle/Larissa | E49: Andrielle | F49: Laura | G49: Andréia/ Gabryella | H49: Andrielle
A50: Piçarras | B50: Andressa | C50: ANDRESSA | D50: Andressa | E50: Andressa | F50: Andressa | G50: Andressa | H50: Andressa
B51: Andréia | C51: ANDRÉIA | D51: ANDRÉIA | E51: Andréia | F51: Andréia | G51: Andréia | H51: Andréia
B52: GABRYELLA | C52: Gabryella | D52: Gabryella | E52: GABRYELLA | F52: Gabryella | G52: Gabryella | H52: Gabryella
B53: ANDRIELE | C53: ANDRIELE | D53: Andriele | E53: Andriele | F53: Andriele | G53: Andriele | H53: Andriele
B54: Adilson | C54: Adilson | D54: Adilson | E54: ADILSON | F54: Adilson | G54: Adilson | H54: Adilson
B55: Larissa | C55: LARISSA | D55: LARISSA | E55: Larissa | F55: Larissa | G55: Larissa | H55: Larissa
B56: LAURA | C56: LAURA | D56: Laura | E56: Laura | F56: Laura | G56: Laura | H56: Laura
B57: GABRIELLE | C57: Gabrielle | D57: Gabrielle | E57: GABRIELLE | F57: Gabrielle | G57: Gabrielle | H57: Gabrielle
B58: Iara | C58: IARA | D58: IARA | E58: Iara | F58: Iara | G58: Iara | H58: Iara
B59: Roberto | C59: Roberto | D59: Roberto | E59: ROBERTO | F59: Roberto | G59: Roberto | H59: Roberto
A60: Piçarras/Penha | B60: Diogo | C60: Diogo | D60: Diogo | E60: DIOGO | F60: Diogo | G60: Diogo | H60: Diogo
A61: Externo | B61: Miguel | C61: MIGUEL | D61: MIGUEL | E61: Miguel | F61: Miguel | G61: Miguel | H61: Miguel
A62: Plantões | B62: Sábado | C62: Domingo | D62: Segunda-feira | E62: Terça-feira | F62: Quarta-feira | G62: Quinta-feira | H62: Sexta-feira
B63: 44919 | C63: 44920 | D63: 44921 | E63: 44922 | F63: 44923 | G63: 44924 | H63: 44925
A64: Penha | C64: FECHADO | D64: Gabrielle/Larissa | E64: Andrielle | F64: Laura | G64: Andréia | H64: Andrielle
A65: Piçarras | B65: ANDRESSA | C65: FECHADO | D65: Andressa | E65: Andressa | F65: Andressa | G65: Andressa | H65: Andressa
B66: ANDRÉIA | C66: FECHADO | D66: Andréia | E66: ANDRÉIA | F66: Andréia | G66: Andréia | H66: Andréia
B67: Gabryella | C67: FECHADO | D67: GABRYELLA | E67: Gabryella | F67: Gabryella | G67: Gabryella | H67: Gabryella
B68: ANDRIELE | C68: FECHADO | D68: Andriele | E68: Andriele | F68: Andriele | G68: Andriele | H68: Andriele
B69: Adilson | C69: FECHADO | D69: ADILSON | E69: Adilson | F69: Adilson | G69: Adilson | H69: Adilson
B70: LARISSA | C70: FECHADO | D70: Larissa | E70: Larissa | F70: Larissa | G70: Larissa | H70: Larissa
B71: Laura | C71: FECHADO | D71: Laura | E71: Laura | F71: Laura | G71: Laura | H71: LAURA
B72: Gabrielle | C72: FECHADO | D72: Gabrielle | E72: GABRIELLE | F72: Gabrielle | G72: Gabrielle | H72: Gabrielle
B73: Iara | C73: FECHADO | D73: Iara | E73: IARA | F73: Iara | G73: Iara | H73: Iara
B74: Roberto | C74: FECHADO | D74: ROBERTO | E74: Roberto | F74: Roberto | G74: Roberto | H74: Roberto
A75: Piçarras/Penha | B75: Diogo | C75: FECHADO | D75: DIOGO | E75: Diogo | F75: Diogo | G75: Diogo | H75: Diogo
A76: Externo | B76: Miguel | C76: FECHADO | D76: Miguel | E76: MIGUEL | F76: Miguel | G76: Miguel | H76: Miguel
A77: Plantões | B77: Sábado
B78: 44926
A79: Penha
A80: Piçarras | B80: ANDRESSA
B81: Andréia
B82: GABRYELLA
B83: ANDRIELE
B84: Adilson
B85: Larissa
B86: LAURA
B87: Gabrielle
B88: Iara
B89: Roberto
A90: Piçarras/Penha | B90: Diogo
A91: Externo | B91: Miguel
B93: DIA 14/12 - FERIADO MUNICIPAL ANIVERSÁRIO PIÇARRAS
B94: DIA 25 - Natal - Centrais Fechadas
B95: DIA 24 E 31 - Expediente somente até as 12 horas

Sheet Janeiro_23
A1: ESCALA DE TRABALHO - JANEIRO_2023
A2: Plantões | B2: Sábado | C2: Domingo | D2: Segunda-feira | E2: Terça-feira | F2: Quarta-feira | G2: Quinta-feira | H2: Sexta-feira
C3: 44562 | D3: 44563 | E3: 44564 | F3: 44565 | G3: 44566 | H3: 44567
A4: Penha | C4: FECHADO | D4: Gabrielle/Larissa | E4: Andrielle | F4: Laura | G4: Andréia/ Gabryella | H4: Andrielle
C5: FECHADO
A6: Piçarras | C6: FECHADO | D6: Andressa | E6: Andressa | F6: Andressa | G6: Andressa | H6: Andressa
C7: FECHADO | D7: ANDRÉIA | E7: Andréia | F7: Andréia | G7: Andréia | H7: ANDRÉIA
C8: FECHADO | D8: Gabryella | E8: GABRYELLA | F8: Gabryella | G8: Gabryella | H8: Gabryella
C9: FECHADO | D9: Andriele | E9: Andriele | F9: Andriele | G9: Andriele | H9: Andriele
C10: FECHADO | D10: ADILSON | E10: Adilson | F10: Adilson | G10: Adilson | H10: Adilson
C11: FECHADO | D11: Larissa | E11: Larissa | F11: LARISSA | G11: LARISSA | H11: Larissa
C12: FECHADO | D12: Laura | E12: LAURA | F12: Laura | G12: Laura | H12: Laura
C13: FECHADO | D13: GABRIELLE | E13: Gabrielle | F13: Gabrielle | G13: Gabrielle | H13: Gabrielle
C14: FECHADO | D14: IARA | E14: Iara | F14: Iara | G14: Iara | H14: Iara
C15: FECHADO | D15: Roberto | E15: ROBERTO | F15: Roberto | G15: Roberto | H15: Roberto
C16: FECHADO | D16: Diogo | E16: DIOGO | F16: Diogo | G16: Diogo | H16: Diogo
A17: Externo | C17: FECHADO | D17: MIGUEL | E17: Miguel | F17: Miguel | G17: Miguel | H17: Miguel
A18: Plantões | B18: Sábado | C18: Domingo | D18: Segunda-feira | E18: Terça-feira | F18: Quarta-feira | G18: Quinta-feira | H18: Sexta-feira
B19: 44568 | C19: 44569 | D19: 44570 | E19: 44571 | F19: 44572 | G19: 44573 | H19: 44574
A20: Penha | D20: Gabrielle/Larissa | E20: Andrielle | F20: Laura | G20: Andréia/ Gabryella | H20: Andrielle
A22: Piçarras | B22: ANDRESSA | C22: ANDRESSA | D22: Andressa | E22: Andressa | F22: Andressa | G22: Andressa | H22: Andressa
B23: ANDRÉIA | C23: Andréia | D23: Andréia | E23: ANDRÉIA | F23: Andréia | G23: Andréia | H23: Andréia
B24: Gabryella | C24: GABRYELLA | D24: GABRYELLA | E24: Gabryella | F24: Gabryella | G24: Gabryella | H24: Gabryella
B25: ANDRIELE | C25: ANDRIELE | D25: Andriele | E25: Andriele | F25: Andriele | G25: Andriele | H25: Andriele
B26: Adilson | C26: ADILSON | D26: ADILSON | E26: Adilson | F26: Adilson | G26: Adilson | H26: Adilson
B27: Larissa | C27: LARISSA | D27: LARISSA | E27: Larissa | F27: Larissa | G27: Larissa | H27: Larissa
B28: LAURA | C28: Laura | D28: Laura | E28: Laura | F28: LAURA | G28: Laura | H28: Laura
B29: GABRIELLE | C29: GABRIELLE | D29: Gabrielle | E29: Gabrielle | F29: Gabrielle | G29: Gabrielle | H29: Gabrielle
B30: Iara | C30: Iara | D30: Iara | E30: IARA | F30: Iara | G30: Iara | H30: Iara
B31: Roberto | C31: ROBERTO | D31: ROBERTO | E31: Roberto | F31: Roberto | G31: Roberto | H31: Roberto
A32: Piçarras/Penha | B32: Diogo | C32: DIOGO | D32: DIOGO | E32: Diogo | F32: Diogo | G32: Diogo | H32: Diogo
A33: Externo | B33: Miguel | C33: Miguel | D33: Miguel | E33: MIGUEL | F33: Miguel | G33: Miguel | H33: Miguel
A34: Plantões | B34: Sábado | C34: Domingo | D34: Segunda-feira | E34: Terça-feira | F34: Quarta-feira | G34: Quinta-feira | H34: Sexta-feira
B35: 44575 | C35: 44576 | D35: 44577 | E35: 44578 | F35: 44579 | G35: 44580 | H35: 44581
A36: Penha | D36: Gabrielle/Larissa | E36: Andrielle | F36: Laura | G36: Andréia/ Gabryella | H36: Andrielle
A38: Piçarras | B38: ANDRESSA | C38: ANDRESSA | D38: Andressa | E38: Andressa | F38: Andressa | G38: Andressa | H38: Andressa
B39: Andréia | C39: ANDRÉIA | D39: ANDRÉIA | E39: Andréia | F39: Andréia | G39: Andréia | H39: Andréia
B40: GABRYELLA | C40: Gabryella | D40: Gabryella | E40: GABRYELLA | F40: GABRYELLA | G40: Gabryella | H40: Gabryella
B41: ANDRIELE | C41: ANDRIELE | D41: Andriele | E41: Andriele | F41: Andriele | G41: Andriele | H41: Andriele
B42: Adilson | C42: Adilson | D42: Adilson | E42: ADILSON | F42: Adilson | G42: Adilson | H42: Adilson
B43: LARISSA | C43: LARISSA | D43: Larissa | E43: Larissa | F43: Larissa | G43: Larissa | H43: Larissa
B44: Laura | C44: LAURA | D44: LAURA | E44: Laura | F44: Laura | G44: Laura | H44: Laura
B45: GABRIELLE | C45: Gabrielle | D45: Gabrielle | E45: GABRIELLE | F45: Gabrielle | G45: Gabrielle | H45: Gabrielle
B46: Iara | C46: IARA | D46: IARA | E46: Iara | F46: Iara | G46: Iara | H46: Iara
B47: Roberto | C47: Roberto | D47: Roberto | E47: ROBERTO | F47: Roberto | G47: Roberto | H47: Roberto
A48: Piçarras/Penha | B48: Diogo | C48: Diogo | D48: Diogo | E48: DIOGO | F48: Diogo | G48: Diogo | H48: Diogo
A49: Externo | B49: Miguel | C49: MIGUEL | D49: MIGUEL | E49: Miguel | F49: Miguel | G49: Miguel | H49: Miguel
A50: Plantões | B50: Sábado | C50: Domingo | D50: Segunda-feira | E50: Terça-feira | F50: Quarta-feira | G50: Quinta-feira | H50: Sexta-feira
B51: 44582 | C51: 44583 | D51: 44584 | E51: 44585 | F51: 44586 | G51: 44587 | H51: 44588
A52: Penha | D52: Gabrielle/Larissa | E52: Andrielle | F52: Laura | G52: Andréia/ Gabryella | H52: Andrielle
A54: Piçarras | B54: ANDRESSA | C54: ANDRESSA | D54: Andressa | E54: Andressa | F54: Andressa | G54: Andressa | H54: Andressa
B55: ANDRÉIA | C55: Andréia | D55: Andréia | E55: Andréia | F55: ANDRÉIA | G55: Andréia | H55: Andréia
B56: Gabryella | C56: GABRYELLA | D56: GABRYELLA | E56: GABRYELLA | F56: Gabryella | G56: Gabryella | H56: Gabryella
B57: ANDRIELE | C57: ANDRIELE | D57: Andriele | E57: Andriele | F57: Andriele | G57: Andriele | H57: Andriele
B58: Adilson | C58: ADILSON | D58: ADILSON | E58: Adilson | F58: Adilson | G58: Adilson | H58: Adilson
B59: LARISSA | C59: Larissa | D59: Larissa | E59: Larissa | F59: LARISSA | G59: Larissa | H59: Larissa
B60: LAURA | C60: LAURA | D60: Laura | E60: LAURA | F60: Laura | G60: Laura | H60: Laura
B61: Gabrielle | C61: GABRIELLE | D61: GABRIELLE | E61: GABRIELLE | F61: Gabrielle | G61: Gabrielle | H61: Gabrielle
B62: Iara | C62: Iara | D62: Iara | E62: IARA | F62: Iara | G62: Iara | H62: Iara
B63: Roberto | C63: ROBERTO | D63: ROBERTO | E63: Roberto | F63: Roberto | G63: Roberto | H63: Roberto
A64: Piçarras/Penha | B64: Diogo | C64: DIOGO | D64: DIOGO | E64: Diogo | F64: Diogo | G64: Diogo | H64: Diogo
A65: Externo | B65: Miguel | C65: Miguel | D65: Miguel | E65: MIGUEL | F65: Miguel | G65: Miguel | H65: Miguel
A66: Plantões | B66: Sábado | C66: Domingo | D66: Segunda-feira | E66: Terça-feira
B67: 44589 | C67: 44590 | D67: 44591 | E67: 44592
A68: Penha | D68: Gabrielle/Larissa | E68: Andrielle
A70: Piçarras | B70: ANDRESSA | C70: ANDRESSA | D70: Andressa | E70: Andressa
B71: Andréia | C71: ANDRÉIA | D71: ANDRÉIA | E71: Andréia
B72: GABRYELLA | C72: Gabryella | D72: Gabryella | E72: GABRYELLA
B73: ANDRIELE | C73: ANDRIELE | D73: Andriele | E73: Andriele
B74: Adilson | C74: Adilson | D74: Adilson | E74: ADILSON
B75: Larissa | C75: LARISSA | D75: LARISSA | E75: Larissa
B76: LAURA | C76: Laura | D76: Laura | E76: LAURA
B77: GABRIELLE | C77: GABRIELLE | D77: Gabrielle | E77: Gabrielle
B78: Iara | C78: IARA | D78: IARA | E78: Iara
B79: Roberto | C79: Roberto | D79: Roberto | E79: ROBERTO
A80: Piçarras/Penha | B80: Diogo | C80: Diogo | D80: Diogo | E80: DIOGO
A81: Externo | B81: Miguel | C81: MIGUEL | D81: MIGUEL | E81: Miguel

Sheet Fevereiro_23
C1: ESCALA DE TRABALHO - FEVEREIRO_2023
A2: Área | B2: Plantões | C2: Quarta-feira | D2: Quinta-feira | E2: Sexta-feira | F2: Sábado | G2: Domingo | H2: Segunda-feira | I2: Terça-feira | J2: Quarta-feira | K2: Quinta-feira | L2: Sexta-feira | M2: Sábado | N2: Domingo | O2: Segunda-feira | P2: Terça-feira | Q2: Quarta-feira | R2: Quinta-feira | S2: Sexta-feira | T2: Sábado | U2: Domingo | V2: Segunda-feira | W2: Terça-feira | X2: Quarta-feira | Y2: Quinta-feira | Z2: Sexta-feira | AA2: Sábado | AB2: Domingo | AC2: Segunda-feira | AD2: Terça-feira
C3: 44958 | D3: 44959 | E3: 44960 | F3: 44961 | G3: 44962 | H3: 44963 | I3: 44964 | J3: 44965 | K3: 44966 | L3: 44967 | M3: 44968 | N3: 44969 | O3: 44970 | P3: 44971 | Q3: 44972 | R3: 44973 | S3: 44974 | T3: 44975 | U3: 44976 | V3: 44977 | W3: 44978 | X3: 44979 | Y3: 44980 | Z3: 44981 | AA3: 44982 | AB3: 44983 | AC3: 44984 | AD3: 44985
A4: ADM Comercial | B4: Penha | C4: Gabrielle | D4: Andréia Gabryella | E4: Andrielle | H4: Andrielle | I4: Larissa | J4: Gabrielle | K4: Andréia Gabryella | L4: Andrielle | O4: Andrielle | P4: Larissa | Q4: Gabrielle | R4: Andréia Gabryella | S4: Andrielle | V4: Andrielle | W4: Larissa | X4: Gabrielle | Y4: Andréia Gabryella | Z4: Andrielle | AC4: Andrielle | AD4: Larissa
B6: Piçarras | C6: Andressa | D6: Andressa | E6: Andressa | F6: ANDRESSA | G6: ANDRESSA | H6: Andressa | I6: Andressa | J6: Andressa | K6: Andressa | L6: Andressa | M6: ANDRESSA | N6: ANDRESSA | O6: Andressa | P6: Andressa | Q6: Andressa | R6: Andressa | S6: Andressa | T6: ANDRESSA | U6: ANDRESSA | V6: Andressa | W6: Andressa | X6: Andressa | Y6: Andressa | Z6: Andressa | AA6: ANDRESSA | AB6: ANDRESSA | AC6: Andressa | AD6: Andressa
C7: Andréia | D7: Andréia | E7: ANDRÉIA | F7: ANDRÉIA | G7: ANDRÉIA | H7: Andréia | I7: ANDRÉIA | J7: Andréia | K7: Andréia | L7: Andréia | M7: ANDRÉIA | N7: ANDRÉIA | O7: ANDRÉIA | P7: Andréia | Q7: Andréia | R7: Andréia | S7: Andréia | T7: ANDRÉIA | U7: ANDRÉIA | V7: Andréia | W7: ANDRÉIA | X7: Andréia | Y7: Andréia | Z7: Andréia | AA7: ANDRÉIA | AB7: ANDRÉIA | AC7: ANDRÉIA | AD7: Andréia
C8: Gabryella | D8: Gabryella | E8: Gabryella | F8: GABRYELLA | G8: GABRYELLA | H8: GABRYELLA | I8: Gabryella | J8: Gabryella | K8: Gabryella | L8: Gabryella | M8: GABRYELLA | N8: GABRYELLA | O8: Gabryella | P8: GABRYELLA | Q8: GABRYELLA | R8: Gabryella | S8: Gabryella | T8: GABRYELLA | U8: GABRYELLA | V8: GABRYELLA | W8: Gabryella | X8: GABRYELLA | Y8: Gabryella | Z8: Gabryella | AA8: GABRYELLA | AB8: GABRYELLA | AC8: Gabryella | AD8: GABRYELLA
C9: Andriele | D9: Andriele | E9: Andriele | F9: ANDRIELE | G9: ANDRIELE | H9: Andriele | I9: Andriele | J9: Andriele | K9: Andriele | L9: Andriele | M9: ANDRIELE | N9: ANDRIELE | O9: Andriele | P9: Andriele | Q9: Andriele | R9: Andriele | S9: Andriele | T9: ANDRIELE | U9: ANDRIELE | V9: Andriele | W9: Andriele | X9: Andriele | Y9: Andriele | Z9: Andriele | AA9: ANDRIELE | AB9: ANDRIELE | AC9: Andriele | AD9: Andriele
C10: LARISSA | D10: LARISSA | E10: Larissa | F10: Larissa | G10: LARISSA | H10: LARISSA | I10: Larissa | J10: Larissa | K10: Larissa | L10: Larissa | M10: LARISSA | N10: LARISSA | O10: Larissa | P10: Larissa | Q10: Larissa | R10: Larissa | S10: Larissa | T10: LARISSA | U10: Larissa | V10: Larissa | W10: LARISSA | X10: Larissa | Y10: Larissa | Z10: Larissa | AA10: Larissa | AB10: LARISSA | AC10: LARISSA | AD10: Larissa
C11: Laura | D11: Laura | E11: Laura | F11: Laura | G11: Laura | H11: Laura | I11: Laura | J11: Laura | K11: Laura | L11: Laura | M11: Laura | N11: Laura | O11: Laura | P11: Laura | Q11: Laura | R11: Laura | S11: Laura | T11: Laura | U11: Laura | V11: Laura | W11: Laura | X11: Laura | Y11: Laura | Z11: Laura | AA11: Laura | AB11: Laura | AC11: Laura | AD11: Laura
C12: Gabrielle | D12: Gabrielle | E12: Gabrielle | F12: Gabrielle | G12: Gabrielle | H12: Gabrielle | I12: Gabrielle | J12: Gabrielle | K12: Gabrielle | L12: Gabrielle | M12: Gabrielle | N12: Gabrielle | O12: Gabrielle | P12: Gabrielle | Q12: Gabrielle | R12: Gabrielle | S12: Gabrielle | T12: Gabrielle | U12: Gabrielle | V12: Gabrielle | W12: Gabrielle | X12: Gabrielle | Y12: Gabrielle | Z12: Gabrielle | AA12: Gabrielle | AB12: Gabrielle | AC12: Gabrielle | AD12: Gabrielle
A13: Comercial | C13: Iara | D13: Iara | E13: Iara | F13: Iara | G13: Iara | H13: Iara | I13: IARA | J13: Iara | K13: Iara | L13: Iara | M13: Iara | N13: IARA | O13: IARA | P13: Iara | Q13: Iara | R13: Iara | S13: Iara | T13: Iara | U13: Iara | V13: Iara | W13: IARA | X13: Iara | Y13: Iara | Z13: Iara | AA13: Iara | AB13: IARA | AC13: IARA | AD13: Iara
C14: Adilson | D14: Adilson | E14: Adilson | F14: Adilson | G14: ADILSON | H14: ADILSON | I14: Adilson | J14: Adilson | K14: Adilson | L14: Adilson | M14: Adilson | N14: Adilson | O14: Adilson | P14: ADILSON | Q14: Adilson | R14: Adilson | S14: Adilson | T14: Adilson | U14: ADILSON | V14: ADILSON | W14: Adilson | X14: Adilson | Y14: Adilson | Z14: Adilson | AA14: Adilson | AB14: Adilson | AC14: Adilson | AD14: ADILSON
C15: Roberto | D15: Roberto | E15: Roberto | F15: Roberto | G15: ROBERTO | H15: ROBERTO | I15: Roberto | J15: Roberto | K15: Roberto | L15: Roberto | M15: Roberto | N15: Roberto | O15: Roberto | P15: ROBERTO | Q15: Roberto | R15: Roberto | S15: Roberto | T15: Roberto | U15: ROBERTO | V15: ROBERTO | W15: Roberto | X15: Roberto | Y15: Roberto | Z15: Roberto | AA15: Roberto | AB15: Roberto | AC15: Roberto | AD15: ROBERTO
B16: Externo | C16: Miguel | D16: Miguel | E16: Miguel | F16: Miguel | G16: Miguel | H16: Miguel | I16: MIGUEL | J16: Miguel | K16: Miguel | L16: Miguel | M16: Miguel | N16: MIGUEL | O16: MIGUEL | P16: Miguel | Q16: Miguel | R16: Miguel | S16: Miguel | T16: Miguel | U16: Miguel | V16: Miguel | W16: MIGUEL | X16: Miguel | Y16: Miguel | Z16: Miguel | AA16: Miguel | AB16: MIGUEL | AC16: MIGUEL | AD16: Miguel
B17: Piçarras/Penha | C17: Diogo | D17: Diogo | E17: Diogo | F17: Diogo | G17: Diogo | H17: Diogo | I17: Diogo | J17: Diogo | K17: Diogo | L17: Diogo | M17: Diogo | N17: Diogo | O17: Diogo | P17: DIOGO | Q17: Diogo | R17: Diogo | S17: Diogo | T17: Diogo | U17: Diogo | V17: Diogo | W17: Diogo | X17: Diogo | Y17: Diogo | Z17: Diogo | AA17: Diogo | AB17: Diogo | AC17: Diogo | AD17: Diogo

Sheet Março _23
A1: ESCALA DE TRABALHO - MARÇO_2023
A2: Quarta-feira | B2: Quinta-feira | C2: Sexta-feira | D2: Sábado | E2: Domingo | F2: Segunda-feira | G2: Terça-feira | H2: Quarta-feira | I2: Quinta-feira | J2: Sexta-feira | K2: Sábado | L2: Domingo | M2: Segunda-feira | N2: Terça-feira | O2: Quarta-feira | P2: Quinta-feira | Q2: Sexta-feira | R2: Sábado | S2: Domingo | T2: Segunda-feira | U2: Terça-feira | V2: Quarta-feira | W2: Quinta-feira | X2: Sexta-feira | Y2: Sábado | Z2: Domingo | AA2: Segunda-feira | AB2: Terça-feira | AC2: Quarta-feira | AD2: Quinta-feira | AE2: Sexta-feira
A3: 44986 | B3: 44987 | C3: 44988 | D3: 44989 | E3: 44990 | F3: 44991 | G3: 44992 | H3: 44993 | I3: 44994 | J3: 44995 | K3: 44996 | L3: 44997 | M3: 44998 | N3: 44999 | O3: 45000 | P3: 45001 | Q3: 45002 | R3: 45003 | S3: 45004 | T3: 45005 | U3: 45006 | V3: 45007 | W3: 45008 | X3: 45009 | Y3: 45010 | Z3: 45011 | AA3: 45012 | AB3: 45013 | AC3: 45014 | AD3: 45015 | AE3: 45016
B4: Andréia Gabryella | C4: Andrielle | G4: Andrielle | I4: Andréia Gabryella | J4: Andrielle | N4: Andrielle | P4: Andréia Gabryella | Q4: Andrielle | U4: Andrielle | W4: Andréia Gabryella | X4: Andrielle | AB4: Andrielle | AD4: Andréia Gabryella | AE4: Andrielle
A5: Andressa | B5: Andressa | C5: Andressa | D5: ANDRESSA | E5: ANDRESSA | F5: Andressa | G5: Andressa | H5: Andressa | I5: Andressa | J5: Andressa | K5: ANDRESSA | L5: ANDRESSA | M5: Andressa | N5: Andressa | O5: Andressa | P5: Andressa | Q5: Andressa | R5: ANDRESSA | S5: ANDRESSA | T5: Andressa | U5: Andressa | V5: Andressa | W5: Andressa | X5: Andressa | Y5: ANDRESSA | Z5: ANDRESSA | AA5: Andressa | AB5: Andressa | AC5: Andressa | AD5: Andressa | AE5: Andressa
A6: Andréia | B6: Andréia | C6: ANDRÉIA | D6: ANDRÉIA | E6: Andréia | F6: Andréia | G6: ANDRÉIA | H6: Andréia | I6: Andréia | J6: Andréia | K6: Andréia | L6: Andréia | M6: ANDRÉIA | N6: Andréia | O6: Andréia | P6: Andréia | Q6: Andréia | R6: ANDRÉIA | S6: Andréia | T6: Andréia | U6: ANDRÉIA | V6: Andréia | W6: Andréia | X6: Andréia | Y6: Andréia | Z6: Andréia | AA6: ANDRÉIA | AB6: ANDRÉIA | AC6: Andréia | AD6: Andréia | AE6: Andréia
A7: Gabryella | B7: Gabryella | C7: Gabryella | D7: Gabryella | E7: Gabryella | F7: Gabryella | G7: Gabryella | H7: Gabryella | I7: Gabryella | J7: Gabryella | K7: Gabryella | L7: Gabryella | M7: Gabryella | N7: Gabryella | O7: Gabryella | P7: Gabryella | Q7: Gabryella | R7: Gabryella | S7: Gabryella | T7: Gabryella | U7: Gabryella | V7: Gabryella | W7: Gabryella | X7: Gabryella | Y7: Gabryella | Z7: Gabryella | AA7: Gabryella | AB7: Gabryella | AC7: Gabryella | AD7: Gabryella | AE7: Gabryella
A8: Andriele | B8: Andriele | C8: Andriele | D8: Andrielle | E8: Andrielle | F8: Andriele | G8: Andriele | H8: Andriele | I8: Andriele | J8: Andriele | K8: Andrielle | L8: Andrielle | M8: Andriele | N8: Andriele | O8: Andriele | P8: Andriele | Q8: Andriele | R8: Andrielle | S8: Andrielle | T8: Andriele | U8: Andriele | V8: Andriele | W8: Andriele | X8: Andriele | Y8: Andrielle | Z8: Andrielle | AA8: Andriele | AB8: Andriele | AC8: Andriele | AD8: Andriele | AE8: Andriele
A9: Larissa | B9: Larissa | C9: Larissa | D9: Larissa | E9: Larissa | F9: Larissa | G9: Larissa | H9: Larissa | I9: Larissa | J9: Larissa | K9: Larissa | L9: Larissa | M9: Larissa | N9: Larissa | O9: Larissa | P9: Larissa | Q9: Larissa | R9: Larissa | S9: Larissa | T9: Larissa | U9: LARISSA | V9: Larissa | W9: Larissa | X9: Larissa | Y9: Larissa | Z9: Larissa | AA9: Larissa | AB9: LARISSA | AC9: Larissa | AD9: Larissa | AE9: Larissa
A10: Laura | B10: Laura | C10: Laura | D10: Laura | E10: Laura | F10: Laura | G10: Laura | H10: Laura | I10: Laura | J10: Laura | K10: Laura | L10: Laura | M10: Laura | N10: Laura | O10: Laura | P10: Laura | Q10: Laura | R10: Laura | S10: Laura | T10: Laura | U10: Laura | V10: Laura | W10: Laura | X10: Laura | Y10: Laura | Z10: Laura | AA10: Laura | AB10: Laura | AC10: Laura | AD10: Laura | AE10: Laura
A11: Gabrielle | B11: Gabrielle | C11: Gabrielle | D11: Gabrielle | E11: Gabrielle | F11: Gabrielle | G11: Gabrielle | H11: Gabrielle | I11: Gabrielle | J11: Gabrielle | K11: Gabrielle | L11: Gabrielle | M11: Gabrielle | N11: Gabrielle | O11: Gabrielle | P11: Gabrielle | Q11: Gabrielle | R11: Gabrielle | S11: Gabrielle | T11: Gabrielle | U11: Gabrielle | V11: Gabrielle | W11: Gabrielle | X11: Gabrielle | Y11: Gabrielle | Z11: Gabrielle | AA11: Gabrielle | AB11: Gabrielle | AC11: Gabrielle | AD11: Gabrielle | AE11: Gabrielle
G12: Vera | H12: Vera | I12: Vera | J12: Vera | K12: Vera | L12: Vera | M12: Vera | N12: Vera | O12: Vera | P12: Vera | Q12: Vera | R12: Vera | S12: Vera | T12: Vera | U12: Vera | V12: Vera | W12: Vera | X12: Vera | Y12: Vera | Z12: Vera | AA12: Vera | AB12: Vera | AC12: Vera | AD12: Vera | AE12: Vera
A13: Iara | B13: Iara | C13: Iara | D13: Iara | E13: Iara | F13: Iara | G13: Iara | H13: Iara | I13: Iara | J13: Iara | K13: Iara | L13: Iara | M13: Iara | N13: Iara | O13: Iara | P13: Iara | Q13: Iara | R13: Iara | S13: Iara | T13: Iara | U13: Iara | V13: Iara | W13: Iara | X13: Iara | Y13: Iara | Z13: Iara | AA13: IARA | AB13: Iara | AC13: Iara | AD13: Iara | AE13: Iara
A14: Adilson | B14: Adilson | C14: Adilson | D14: Adilson | E14: Adilson | F14: Adilson | G14: Adilson | H14: Adilson | I14: Adilson | J14: Adilson | K14: Adilson | L14: Adilson | M14: Adilson | N14: Adilson | O14: Adilson | P14: Adilson | Q14: Adilson | R14: Adilson | S14: Adilson | T14: Adilson | U14: Adilson | V14: Adilson | W14: Adilson | X14: Adilson | Y14: Adilson | Z14: Adilson | AA14: Adilson | AB14: Adilson | AC14: Adilson | AD14: Adilson | AE14: Adilson
A15: Roberto | B15: Roberto | C15: Roberto | D15: Roberto | E15: Roberto | F15: Roberto | G15: Roberto | H15: Roberto | I15: Roberto | J15: Roberto | K15: Roberto | L15: Roberto | M15: Roberto | N15: Roberto | O15: Roberto | P15: Roberto | Q15: Roberto | R15: Roberto | S15: Roberto | T15: Roberto | U15: Roberto | V15: Roberto | W15: Roberto | X15: Roberto | Y15: Roberto | Z15: Roberto | AA15: Roberto | AB15: Ropberto | AC15: Roberto | AD15: Roberto | AE15: Roberto
A16: Miguel | B16: Miguel | C16: Miguel | D16: Miguel | E16: Miguel | F16: Miguel | G16: Miguel | H16: Miguel | I16: Miguel | J16: Miguel | K16: Miguel | L16: Miguel | M16: MIGUEL | N16: Miguel | O16: Miguel | P16: Miguel | Q16: Miguel | R16: Miguel | S16: Miguel | T16: Miguel | U16: MIGUEL | V16: Miguel | W16: Miguel | X16: Miguel | Y16: Miguel | Z16: Miguel | AA16: Miguel | AB16: Miguel | AC16: Miguel | AD16: Miguel | AE16: Miguel

Sheet Abril_23
A1: Quarta-feira | B1: Quinta-feira | C1: Sexta-feira | D1: Sábado | E1: Domingo | F1: Segunda-feira | G1: Terça-feira | H1: Quarta-feira | I1: Quinta-feira | J1: Sexta-feira | K1: Sábado | L1: Domingo | M1: Segunda-feira | N1: Terça-feira | O1: Quarta-feira | P1: Quinta-feira | Q1: Sexta-feira | R1: Sábado | S1: Domingo | T1: Segunda-feira | U1: Terça-feira | V1: Quarta-feira | W1: Quinta-feira | X1: Sexta-feira | Y1: Sábado | Z1: Domingo | AA1: Segunda-feira | AB1: Terça-feira | AC1: Quarta-feira | AD1: Quinta-feira | AE1: Sexta-feira | AF1: Sábado | AG1: Domingo | AH1: Segunda-feira
A2: 45014 | B2: 45015 | C2: 45016 | D2: 45017 | E2: 45018 | F2: 45019 | G2: 45020 | H2: 45021 | I2: 45022 | J2: 45023 | K2: 45024 | L2: 45025 | M2: 45026 | N2: 45027 | O2: 45028 | P2: 45029 | Q2: 45030 | R2: 45031 | S2: 45032 | T2: 45033 | U2: 45034 | V2: 45035 | W2: 45036 | X2: 45037 | Y2: 45038 | Z2: 45039 | AA2: 45040 | AB2: 45041 | AC2: 45042 | AD2: 45043 | AE2: 45044 | AF2: 45045 | AG2: 45046 | AH2: 45047
B3: Andréia Gabryella | C3: Andrielle | E3: Andréia Gabryella | F3: Andrielle | J3: Andrielle | L3: Andréia Gabryella | M3: Andrielle | Q3: Andrielle | S3: Andréia Gabryella | T3: Andrielle | X3: Andrielle | Z3: Andréia Gabryella | AA3: Andrielle | AE3: Andrielle | AG3: Andréia Gabryella
A4: Andressa | B4: Andressa | C4: Andressa | D4: Andressa | E4: Andressa | F4: Andressa | G4: Andressa | H4: Andressa | I4: Andressa | J4: Andressa | K4: Andressa | L4: Andressa | M4: Andressa | N4: Andressa | O4: Andressa | P4: Andressa | Q4: Andressa | R4: Andressa | S4: Andressa | T4: Andressa | U4: Andressa | V4: Andressa | W4: Andressa | X4: Andressa | Y4: Andressa | Z4: Andressa | AA4: Andressa | AB4: Andressa | AC4: Andressa | AD4: Andressa | AE4: Andressa | AF4: Andressa | AG4: Andressa | AH4: Andressa
A5: Andréia | B5: Andréia | C5: Andréia | D5: Andréia | E5: Andréia | F5: Andréia | G5: Andréia | H5: Andréia | I5: Andréia | J5: Andréia | K5: Andréia | L5: Andréia | M5: Andréia | N5: Andréia | O5: Andréia | P5: Andréia | Q5: Andréia | R5: Andréia | S5: Andréia | T5: Andréia | U5: Andréia | V5: Andréia | W5: Andréia | X5: Andréia | Y5: Andréia | Z5: Andréia | AA5: Andréia | AB5: Andréia | AC5: Andréia | AD5: Andréia | AE5: Andréia | AF5: Andréia | AG5: Andréia | AH5: Andréia
A6: Gabryella | B6: Gabryella | C6: Gabryella | D6: Gabryella | E6: Gabryella | F6: Gabryella | G6: Gabryella | H6: Gabryella | I6: Gabryella | J6: Gabryella | K6: Gabryella | L6: Gabryella | M6: Gabryella | N6: Gabryella | O6: Gabryella | P6: Gabryella | Q6: Gabryella | R6: Gabryella | S6: Gabryella | T6: Gabryella | U6: Gabryella | V6: Gabryella | W6: Gabryella | X6: Gabryella | Y6: Gabryella | Z6: Gabryella | AA6: Gabryella | AB6: Gabryella | AC6: Gabryella | AD6: Gabryella | AE6: Gabryella | AF6: Gabryella | AG6: Gabryella | AH6: Gabryella
A7: Andriele | B7: Andriele | C7: Andriele | D7: Andriele | E7: Andriele | F7: Andriele | G7: Andrielle | H7: Andrielle | I7: Andriele | J7: Andriele | K7: Andriele | L7: Andriele | M7: Andriele | N7: Andrielle | O7: Andrielle | P7: Andriele | Q7: Andriele | R7: Andriele | S7: Andriele | T7: Andriele | U7: Andrielle | V7: Andrielle | W7: Andriele | X7: Andriele | Y7: Andriele | Z7: Andriele | AA7: Andriele | AB7: Andrielle | AC7: Andrielle | AD7: Andriele | AE7: Andriele | AF7: Andriele | AG7: Andriele | AH7: Andrielle
G8: Janaína | H8: Janaína | I8: Janaína | J8: Janaína | K8: Janaína | L8: Janaína | M8: Janaína | N8: Janaína | O8: Janaína | P8: Janaína | Q8: Janaína | R8: Janaína | S8: Janaína | T8: Janaína | U8: Janaína | V8: Janaína | W8: Janaína | X8: Janaína | Y8: Janaína | Z8: Janaína | AA8: Janaína | AB8: Janaína | AC8: Janaína | AD8: Janaína | AE8: Janaína | AF8: Janaína | AG8: Janaína | AH8: Janaína
A9: Laura | B9: Laura | C9: Laura | D9: Laura | E9: Laura | F9: Laura | G9: Laura | H9: Laura | I9: Laura | J9: Laura | K9: Laura | L9: Laura | M9: Laura | N9: Laura | O9: Laura | P9: Laura | Q9: Laura | R9: Laura | S9: Laura | T9: Laura | U9: Laura | V9: Laura | W9: Laura | X9: Laura | Y9: Laura | Z9: Laura | AA9: Laura | AB9: Laura | AC9: Laura | AD9: Laura | AE9: Laura | AF9: Laura | AG9: Laura | AH9: Laura
A10: Vera | B10: Vera | C10: Vera | D10: Vera | E10: Vera | F10: Vera | G10: Vera | H10: Vera | I10: Vera | J10: Vera | K10: Vera | L10: Vera | M10: Vera | N10: Vera | O10: Vera | P10: Vera | Q10: Vera | R10: Vera | S10: Vera | T10: Vera | U10: Vera | V10: Vera | W10: Vera | X10: Vera | Y10: Vera | Z10: Vera | AA10: Vera | AB10: Vera | AC10: Vera | AD10: Vera | AE10: Vera | AF10: Vera | AG10: Vera | AH10: Vera
A11: Iara | B11: Iara | C11: Iara | D11: Iara | E11: Iara | F11: Iara | G11: Iara | H11: Iara | I11: Iara | J11: Iara | K11: Iara | L11: Iara | M11: Iara | N11: Iara | O11: Iara | P11: Iara | Q11: Iara | R11: Iara | S11: Iara | T11: Iara | U11: Iara | V11: Iara | W11: Iara | X11: Iara | Y11: Iara | Z11: Iara | AA11: Iara | AB11: Iara | AC11: Iara | AD11: IARA | AE11: Iara | AF11: Iara | AG11: Iara | AH11: Iara
A12: Adilson | B12: Adilson | C12: Adilson | D12: Adilson | E12: Adilson | F12: Adilson | G12: Adilson | H12: Adilson | I12: Adilson | J12: Adilson | K12: Adilson | L12: Adilson | M12: Adilson | N12: Adilson | O12: Adilson | P12: Adilson | Q12: Adilson | R12: Adilson | S12: Adilson | T12: Adilson | U12: Adilson | V12: Adilson | W12: Adilson | X12: Adilson | Y12: Adilson | Z12: Adilson | AA12: Adilson | AB12: Adilson | AC12: Adilson | AD12: Adilson | AE12: Adilson | AF12: Adilson | AG12: Adilson | AH12: Adilson
A13: Roberto | B13: Roberto | C13: Roberto | D13: Roberto | E13: Roberto | F13: Roberto | G13: Roberto | H13: Roberto | I13: Roberto | J13: Roberto | K13: Roberto | L13: Roberto | M13: Roberto | N13: Roberto | O13: Roberto | P13: Roberto | Q13: Roberto | R13: Roberto | S13: Roberto | T13: Roberto | U13: Roberto | V13: Roberto | W13: Roberto | X13: Roberto | Y13: Roberto | Z13: Roberto | AA13: Roberto | AB13: Roberto | AC13: Roberto | AD13: Roberto | AE13: Ropberto | AF13: Roberto | AG13: Roberto | AH13: Roberto

Sheet Maio_23
A1: domingo | B1: segunda-feira | C1: terça-feira | D1: quarta-feira | E1: quinta-feira | F1: sexta-feira | G1: sábado | H1: domingo | I1: segunda-feira | J1: terça-feira | K1: quarta-feira | L1: quinta-feira | M1: sexta-feira | N1: sábado | O1: domingo | P1: segunda-feira | Q1: terça-feira | R1: quarta-feira | S1: quinta-feira | T1: sexta-feira | U1: sábado | V1: domingo | W1: segunda-feira | X1: terça-feira | Y1: quarta-feira | Z1: quinta-feira | AA1: sexta-feira | AB1: sábado | AC1: domingo | AD1: segunda-feira | AE1: terça-feira | AF1: quarta-feira | AG1: quinta-feira
A2: 45046 | B2: 45047 | C2: 45048 | D2: 45049 | E2: 45050 | F2: 45051 | G2: 45052 | H2: 45053 | I2: 45054 | J2: 45055 | K2: 45056 | L2: 45057 | M2: 45058 | N2: 45059 | O2: 45060 | P2: 45061 | Q2: 45062 | R2: 45063 | S2: 45064 | T2: 45065 | U2: 45066 | V2: 45067 | W2: 45068 | X2: 45069 | Y2: 45070 | Z2: 45071 | AA2: 45072 | AB2: 45073 | AC2: 45074 | AD2: 45075 | AE2: 45076 | AF2: 45077 | AG2: 45078
A3: Andressa | B3: Andressa | C3: Andressa | D3: Andressa | E3: Andressa | F3: Andressa | G3: Andressa | H3: Andressa | I3: Andressa | J3: Andressa | K3: Andressa | L3: Andressa | M3: Andressa | N3: Andressa | O3: Andressa | P3: Andressa | Q3: Andressa | R3: Andressa | S3: Andressa | T3: Andressa | U3: Andressa | V3: Andressa | W3: Andressa | X3: Andressa | Y3: Andressa | Z3: Andressa | AA3: Andressa | AB3: Andressa | AC3: Andressa | AD3: Andressa | AE3: Andressa | AF3: Andressa | AG3: Andressa
A4: Andréia | B4: Andréia | C4: Andréia | D4: Andréia | E4: Andréia | F4: Andréia | G4: Andréia | H4: Andréia | I4: Andréia | J4: Andréia | K4: Andréia | L4: Andréia | M4: Andréia | N4: Andréia | O4: Andréia | P4: Andréia | Q4: Andréia | R4: Andréia | S4: Andréia | T4: Andréia | U4: Andréia | V4: Andréia | W4: Andréia | X4: Andréia | Y4: Andréia | Z4: Andréia | AA4: Andréia | AB4: Andréia | AC4: Andréia | AD4: Andréia | AE4: Andréia | AF4: Andréia | AG4: Andréia
A5: Gabryella | B5: Gabryella | C5: Gabryella | D5: Gabryella | E5: Gabryella | F5: Gabryella | G5: Gabryella | H5: Gabryella | I5: Gabryella | J5: Gabryella | K5: Gabryella | L5: Gabryella | M5: Gabryella | N5: Gabryella | O5: Gabryella | P5: Gabryella | Q5: Gabryella | R5: Gabryella | S5: Gabryella | T5: Gabryella | U5: Gabryella | V5: Gabryella | W5: Gabryella | X5: Gabryella | Y5: Gabryella | Z5: Gabryella | AA5: Gabryella | AB5: Gabryella | AC5: Gabryella | AD5: Gabryella | AE5: Gabryella | AF5: Gabryella | AG5: Gabryella
A6: Andriele | B6: Andrielle | C6: Andriele | D6: Andriele | E6: Andrielle | F6: Andrielle | G6: Andrielle | H6: Andrielle | I6: Andriele | J6: Andriele | K6: Andriele | L6: Andrielle | M6: Andrielle | N6: Andrielle | O6: Andrielle | P6: Andriele | Q6: Andriele | R6: Andriele | S6: Andrielle | T6: Andrielle | U6: Andrielle | V6: Andrielle | W6: Andriele | X6: Andriele | Y6: Andriele | Z6: Andrielle | AA6: Andrielle | AB6: Andrielle | AC6: Andrielle | AD6: Andriele | AE6: Andriele | AF6: Andrielle | AG6: Andrielle
A7: Janaína | B7: Janaína | C7: Janaína | D7: Janaína | E7: Janaína | F7: Janaína | G7: Janaína | H7: Janaína | I7: Janaína | J7: Janaína | K7: Janaína | L7: Janaína | M7: Janaína | N7: Janaína | O7: Janaína | P7: Janaína | Q7: Janaína | R7: Janaína | S7: Janaína | T7: Janaína | U7: Janaína | V7: Janaína | W7: Janaína | X7: Janaína | Y7: Janaína | Z7: Janaína | AA7: Janaína | AB7: Janaína | AC7: Janaína | AD7: Janaína | AE7: Janaína | AF7: Janaína | AG7: Janaína
A8: Laura | B8: Laura | C8: Laura | D8: Laura | E8: Laura | F8: Laura | G8: Laura | H8: Laura | I8: Laura | J8: Laura | K8: Laura | L8: Laura | M8: Laura | N8: Laura | O8: Laura | P8: Laura | Q8: Laura | R8: Laura | S8: Laura | T8: Laura | U8: Laura | V8: Laura | W8: Laura | X8: Laura | Y8: Laura | Z8: Laura | AA8: Laura | AB8: Laura | AC8: Laura | AD8: Laura | AE8: Laura | AF8: Laura | AG8: Laura
A9: Vera | B9: Vera | C9: Vera | D9: Vera | E9: Vera | F9: Vera | G9: Vera | H9: Vera | I9: Vera | J9: Vera | K9: Vera | L9: Vera | M9: Vera | N9: Vera | O9: Vera | P9: Vera | Q9: Vera | R9: Vera | S9: Vera | T9: Vera | U9: Vera | V9: Vera | W9: Vera | X9: Vera | Y9: Vera | Z9: Vera | AA9: Vera | AB9: Vera | AC9: Vera | AD9: Vera | AE9: Vera | AF9: Vera | AG9: Vera
A10: Iara | B10: Iara | C10: Iara | D10: Iara | E10: Iara | F10: Iara | G10: Iara | H10: Iara | I10: Iara | J10: Iara | K10: Iara | L10: Iara | M10: Iara | N10: Iara | O10: Iara | P10: Iara | Q10: Iara | R10: Iara | S10: Iara | T10: Iara | U10: Iara | V10: Iara | W10: Iara | X10: Iara | Y10: Iara | Z10: Iara | AA10: Iara | AB10: Iara | AC10: Iara | AD10: Iara | AE10: Iara | AF10: Iara | AG10: Iara
A11: Adilson | B11: Adilson | C11: Adilson | D11: Adilson | E11: Adilson | F11: Adilson | G11: Adilson | H11: Adilson | I11: Adilson | J11: Adilson | K11: Adilson | L11: Adilson | M11: Adilson | N11: Adilson | O11: Adilson | P11: Adilson | Q11: Adilson | R11: Adilson | S11: Adilson | T11: Adilson | U11: Adilson | V11: Adilson | W11: Adilson | X11: Adilson | Y11: Adilson | Z11: Adilson | AA11: Adilson | AB11: Adilson | AC11: Adilson | AD11: Adilson | AE11: Adilson | AF11: Adilson | AG11: Adilson
A12: Roberto | B12: Roberto | C12: Roberto | D12: Roberto | E12: Roberto | F12: Roberto | G12: Roberto | H12: Roberto | I12: Roberto | J12: Roberto | K12: Roberto | L12: Roberto | M12: Roberto | N12: Roberto | O12: Roberto | P12: Roberto | Q12: Roberto | R12: Roberto | S12: Roberto | T12: Roberto | U12: Roberto | V12: Roberto | W12: Roberto | X12: Roberto | Y12: Roberto | Z12: Roberto | AA12: Roberto | AB12: Roberto | AC12: Roberto | AD12: Roberto | AE12: Roberto | AF12: Roberto | AG12: Roberto

Sheet Junho_23
A1: quarta-feira | B1: quinta-feira | C1: sexta-feira | D1: sábado | E1: domingo | F1: segunda-feira | G1: terça-feira | H1: quarta-feira | I1: quinta-feira | J1: sexta-feira | K1: sábado | L1: domingo | M1: segunda-feira | N1: terça-feira | O1: quarta-feira | P1: quinta-feira | Q1: sexta-feira | R1: sábado | S1: domingo | T1: segunda-feira | U1: terça-feira | V1: quarta-feira | W1: quinta-feira | X1: sexta-feira | Y1: sábado | Z1: domingo | AA1: segunda-feira | AB1: terça-feira | AC1: quarta-feira | AD1: quinta-feira | AE1: sexta-feira | AF1: sábado | AG1: domingo | AH1: segunda-feira | AI1: terça-feira
A2: 45077 | B2: 45078 | C2: 45079 | D2: 45080 | E2: 45081 | F2: 45082 | G2: 45083 | H2: 45084 | I2: 45085 | J2: 45086 | K2: 45087 | L2: 45088 | M2: 45089 | N2: 45090 | O2: 45091 | P2: 45092 | Q2: 45093 | R2: 45094 | S2: 45095 | T2: 45096 | U2: 45097 | V2: 45098 | W2: 45099 | X2: 45100 | Y2: 45101 | Z2: 45102 | AA2: 45103 | AB2: 45104 | AC2: 45105 | AD2: 45106 | AE2: 45107 | AF2: 45108 | AG2: 45109 | AH2: 45110 | AI2: 45111
A3: Andressa | B3: Andressa | C3: Andressa | D3: Andressa | E3: Andressa | F3: Andressa | G3: Andressa | H3: Andressa | I3: Andressa | J3: Andressa | K3: Andressa | L3: Andressa | M3: Andressa | N3: Andressa | O3: Andressa | P3: Andressa | Q3: Andressa | R3: Andressa | S3: Andressa | T3: Andressa | U3: Andressa | V3: Andressa | W3: Andressa | X3: Andressa | Y3: Andressa | Z3: Andressa | AA3: Andressa | AB3: Andressa | AC3: Andressa | AD3: Andressa | AE3: Andressa | AF3: Andressa | AG3: Andressa | AH3: Andressa | AI3: Andressa
A4: Andréia | B4: Andréia | C4: Andréia | D4: Andréia | E4: Andréia | F4: Andréia | G4: Andréia | H4: Andréia | I4: Andréia | J4: Andréia | K4: Andréia | L4: Andréia | M4: Andréia | N4: Andréia | O4: Andréia | P4: Andréia | Q4: Andréia | R4: Andréia | S4: Andréia | T4: Andréia | U4: Andréia | V4: Andréia | W4: Andréia | X4: Andréia | Y4: Andréia | Z4: Andréia | AA4: Andréia | AB4: Andréia | AC4: Andréia | AD4: Andréia | AE4: Andréia | AF4: Andréia | AG4: Andréia | AH4: Andréia | AI4: Andréia
A5: Gabryella | B5: Gabryella | C5: Gabryella | D5: Gabryella | E5: Gabryella | F5: Gabryella | G5: Gabryella | H5: Gabryella | I5: Gabryella | J5: Gabryella | K5: Gabryella | L5: Gabryella | M5: Gabryella | N5: Gabryella | O5: Gabryella | P5: Gabryella | Q5: Gabryella | R5: Gabryella | S5: Gabryella | T5: Gabryella | U5: Gabryella | V5: Gabryella | W5: Gabryella | X5: Gabryella | Y5: Gabryella | Z5: Gabryella | AA5: Gabryella | AB5: Gabryella | AC5: Gabryella | AD5: Gabryella | AE5: Gabryella | AF5: Gabryella | AG5: Gabryella | AH5: Gabryella | AI5: Gabryella
A6: Andriele | B6: Andrielle | C6: Andriele | D6: Andriele | E6: Andrielle | F6: Andrielle | G6: Andrielle | H6: Andrielle | I6: Andriele | J6: Andriele | K6: Andriele | L6: Andrielle | M6: Andrielle | N6: Andrielle | O6: Andrielle | P6: Andriele | Q6: Andriele | R6: Andriele | S6: Andrielle | T6: Andrielle | U6: Andrielle | V6: Andrielle | W6: Andriele | X6: Andriele | Y6: Andriele | Z6: Andrielle | AA6: Andrielle | AB6: Andrielle | AC6: Andrielle | AD6: Andriele | AE6: Andriele | AF6: Andrielle | AG6: Andrielle | AH6: Andrielle | AI6: Andrielle
A7: Janaína | B7: Janaína | C7: Janaína | D7: Janaína | E7: Janaína | F7: Janaína | G7: Janaína | H7: Janaína | I7: Janaína | J7: Janaína | K7: Janaína | L7: Janaína | M7: Janaína | N7: Janaína | O7: Janaína | P7: Janaína | Q7: Janaína | R7: Janaína | S7: Janaína | T7: Janaína | U7: Janaína | V7: Janaína | W7: Janaína | X7: Janaína | Y7: Janaína | Z7: Janaína | AA7: Janaína | AB7: Janaína | AC7: Janaína | AD7: Janaína | AE7: Janaína | AF7: Janaína | AG7: Janaína | AH7: Janaína | AI7: Janaína
A8: Laura | B8: Laura | C8: Laura | D8: Laura | E8: Laura | F8: Laura | G8: Laura | H8: Laura | I8: Laura | J8: Laura | K8: Laura | L8: Laura | M8: Laura | N8: Laura | O8: Laura | P8: Laura | Q8: Laura | R8: Laura | S8: Laura | T8: Laura | U8: Laura | V8: Laura | W8: Laura | X8: Laura | Y8: Laura | Z8: Laura | AA8: Laura | AB8: Laura | AC8: Laura | AD8: Laura | AE8: Laura | AF8: Laura | AG8: Laura | AH8: Laura | AI8: Laura
A9: Vera | B9: Vera | C9: Vera | D9: Vera | E9: Vera | F9: Vera | G9: Vera | H9: Vera | I9: Vera | J9: Vera | K9: Vera | L9: Vera | M9: Vera | N9: Vera | O9: Vera | P9: Vera | Q9: Vera | R9: Vera | S9: Vera | T9: Vera | U9: Vera | V9: Vera | W9: Vera | X9: Vera | Y9: Vera | Z9: Vera | AA9: Vera | AB9: Vera | AC9: Vera | AD9: Vera | AE9: Vera | AF9: Vera | AG9: Vera | AH9: Vera | AI9: Vera
A10: Iara | B10: Iara | C10: Iara | D10: Iara | E10: Iara | F10: Iara | G10: Iara | H10: Iara | I10: Iara | J10: Iara | K10: Iara | L10: Iara | M10: Iara | N10: Iara | O10: Iara | P10: Iara | Q10: Iara | R10: Iara | S10: Iara | T10: Iara | U10: Iara | V10: Iara | W10: Iara | X10: Iara | Y10: Iara | Z10: Iara | AA10: Iara | AB10: Iara | AC10: Iara | AD10: Iara | AE10: Iara | AF10: Iara | AG10: Iara | AH10: Iara | AI10: Iara
A11: Adilson | B11: Adilson | C11: Adilson | D11: Adilson | E11: Adilson | F11: Adilson | G11: Adilson | H11: Adilson | I11: Adilson | J11: Adilson | K11: Adilson | L11: Adilson | M11: Adilson | N11: Adilson | O11: Adilson | P11: Adilson | Q11: Adilson | R11: Adilson | S11: Adilson | T11: Adilson | U11: Adilson | V11: Adilson | W11: Adilson | X11: Adilson | Y11: Adilson | Z11: Adilson | AA11: Adilson | AB11: Adilson | AC11: Adilson | AD11: Adilson | AE11: Adilson | AF11: Adilson | AG11: Adilson | AH11: Adilson | AI11: Adilson
A12: Roberto | B12: Roberto | C12: Roberto | D12: Roberto | E12: Roberto | F12: Roberto | G12: Roberto | H12: Roberto | I12: Roberto | J12: Roberto | K12: Roberto | L12: Roberto | M12: Roberto | N12: Roberto | O12: Roberto | P12: Roberto | Q12: Roberto | R12: Roberto | S12: Roberto | T12: Roberto | U12: Roberto | V12: Roberto | W12: Roberto | X12: Roberto | Y12: Roberto | Z12: Roberto | AA12: Roberto | AB12: Roberto | AC12: Roberto | AD12: Roberto | AE12: Roberto | AF12: Roberto | AG12: Roberto | AH12: Roberto | AI12: Roberto
B13: Mailson | C13: Mailson | D13: Mailson | E13: Mailson | F13: Mailson | G13: Mailson | H13: Mailson | I13: Mailson | J13: Mailson | K13: Mailson | L13: Mailson | M13: Mailson | N13: Mailson | O13: Mailson | P13: Mailson | Q13: Mailson | R13: Mailson | S13: Mailson | T13: Mailson | U13: Mailson | V13: Mailson | W13: Mailson | X13: Mailson | Y13: Mailson | Z13: Mailson | AA13: Mailson | AB13: Mailson | AC13: Mailson | AD13: Mailson | AE13: Mailson | AF13: Mailson | AG13: Mailson | AH13: Mailson | AI13: Mailson

Sheet Julho_23
A1: sábado | B1: domingo | C1: segunda-feira | D1: terça-feira | E1: quarta-feira | F1: quinta-feira | G1: sexta-feira | H1: sábado | I1: domingo | J1: segunda-feira | K1: terça-feira | L1: quarta-feira | M1: quinta-feira | N1: sexta-feira | O1: sábado | P1: domingo | Q1: segunda-feira | R1: terça-feira | S1: quarta-feira | T1: quinta-feira | U1: sexta-feira | V1: sábado | W1: domingo | X1: segunda-feira | Y1: terça-feira | Z1: quarta-feira | AA1: quinta-feira | AB1: sexta-feira | AC1: sábado | AD1: domingo | AE1: segunda-feira | AF1: terça-feira
A2: 45108 | B2: 45109 | C2: 45110 | D2: 45111 | E2: 45112 | F2: 45113 | G2: 45114 | H2: 45115 | I2: 45116 | J2: 45117 | K2: 45118 | L2: 45119 | M2: 45120 | N2: 45121 | O2: 45122 | P2: 45123 | Q2: 45124 | R2: 45125 | S2: 45126 | T2: 45127 | U2: 45128 | V2: 45129 | W2: 45130 | X2: 45131 | Y2: 45132 | Z2: 45133 | AA2: 45134 | AB2: 45135 | AC2: 45136 | AD2: 45137 | AE2: 45138 | AF2: 45139
A3: Andréia | B3: Andréia | C3: Andréia | D3: Andréia | E3: Andréia | F3: Andréia | G3: Andréia | H3: Andréia | I3: Andréia | J3: Andréia | K3: Andréia | L3: Andréia | M3: Andréia | N3: Andréia | O3: Andréia | P3: Andréia | Q3: Andréia | R3: Andréia | S3: Andréia | T3: Andréia | U3: Andréia | V3: Andréia | W3: Andréia | X3: Andréia | Y3: Andréia | Z3: Andréia | AA3: Andréia | AB3: Andréia | AC3: Andréia | AD3: Andréia | AE3: Andréia | AF3: Andréia
A4: Gabryella | B4: Gabryella | C4: Gabryella | D4: Gabryella | E4: Gabryella | F4: Gabryella | G4: Gabryella | H4: Gabryella | I4: Gabryella | J4: Gabryella | K4: Gabryella | L4: Gabryella | M4: Gabryella | N4: Gabryella | O4: Gabryella | P4: Gabryella | Q4: Gabryella | R4: Gabryella | S4: Gabryella | T4: Gabryella | U4: Gabryella | V4: Gabryella | W4: Gabryella | X4: Gabryella | Y4: Gabryella | Z4: Gabryella | AA4: Gabryella | AB4: Gabryella | AC4: Gabryella | AD4: Gabryella | AE4: Gabryella | AF4: Gabryella
A5: Andrielle | B5: Andriele | C5: Andriele | D5: Andrielle | E5: Andrielle | F5: Andrielle | G5: Andrielle | H5: Andriele | I5: Andriele | J5: Andriele | K5: Andrielle | L5: Andrielle | M5: Andrielle | N5: Andrielle | O5: Andriele | P5: Andriele | Q5: Andriele | R5: Andrielle | S5: Andrielle | T5: Andrielle | U5: Andrielle | V5: Andriele | W5: Andriele | X5: Andriele | Y5: Andrielle | Z5: Andrielle | AA5: Andrielle | AB5: Andrielle | AC5: Andriele | AD5: Andriele | AE5: Andrielle | AF5: Andrielle
A6: Janaína | B6: Janaína | C6: Janaína | D6: Janaína | E6: Janaína | F6: Janaína | G6: Janaína | H6: Janaína | I6: Janaína | J6: Janaína | K6: Janaína | L6: Janaína | M6: Janaína | N6: Janaína | O6: Janaína | P6: Janaína | Q6: Janaína | R6: Janaína | S6: Janaína | T6: Janaína | U6: Janaína | V6: Janaína | W6: Janaína | X6: Janaína | Y6: Janaína | Z6: Janaína | AA6: Janaína | AB6: Janaína | AC6: Janaína | AD6: Janaína | AE6: Janaína | AF6: Janaína
A7: Laura | B7: Laura | C7: Laura | D7: Laura | E7: Laura | F7: Laura | G7: Laura | H7: Laura | I7: Laura | J7: Laura | K7: Laura | L7: Laura | M7: Laura | N7: Laura | O7: Laura | P7: Laura | Q7: Laura | R7: Laura | S7: Laura | T7: Laura | U7: Laura | V7: Laura | W7: Laura | X7: Laura | Y7: Laura | Z7: Laura | AA7: Laura | AB7: Laura | AC7: Laura | AD7: Laura | AE7: Laura | AF7: Laura
A8: Vera | B8: Vera | C8: Vera | D8: Vera | E8: Vera | F8: Vera | G8: Vera | H8: Vera | I8: Vera | J8: Vera | K8: Vera | L8: Vera | M8: Vera | N8: Vera | O8: Vera | P8: Vera | Q8: Vera | R8: Vera | S8: Vera | T8: Vera | U8: Vera | V8: Vera | W8: Vera | X8: Vera | Y8: Vera | Z8: Vera | AA8: Vera | AB8: Vera | AC8: Vera | AD8: Vera | AE8: Vera | AF8: Vera
A9: Iara | B9: Iara | C9: Iara | D9: Iara | E9: Iara | F9: Iara | G9: Iara | H9: Iara | I9: Iara | J9: Iara | K9: Iara | L9: Iara | M9: Iara | N9: Iara | O9: Iara | P9: Iara | Q9: Iara | R9: Iara | S9: Iara | T9: Iara | U9: Iara | V9: Iara | W9: Iara | X9: Iara | Y9: Iara | Z9: Iara | AA9: Iara | AB9: Iara | AC9: Iara | AD9: Iara | AE9: Iara | AF9: Iara
A10: Adilson | B10: Adilson | C10: Adilson | D10: Adilson | E10: Adilson | F10: Adilson | G10: Adilson | H10: Adilson | I10: Adilson | J10: Adilson | K10: Adilson | L10: Adilson | M10: Adilson | N10: Adilson | O10: Adilson | P10: Adilson | Q10: Adilson | R10: Adilson | S10: Adilson | T10: Adilson | U10: Adilson | V10: Adilson | W10: Adilson | X10: Adilson | Y10: Adilson | Z10: Adilson | AA10: Adilson | AB10: Adilson | AC10: Adilson | AD10: Adilson | AE10: Adilson | AF10: Adilson
A11: Roberto | B11: Roberto | C11: Roberto | D11: Roberto | E11: Roberto | F11: Roberto | G11: Roberto | H11: Roberto | I11: Roberto | J11: Roberto | K11: Roberto | L11: Roberto | M11: Roberto | N11: Roberto | O11: Roberto | P11: Roberto | Q11: Roberto | R11: Roberto | S11: Roberto | T11: Roberto | U11: Roberto | V11: Roberto | W11: Roberto | X11: Roberto | Y11: Roberto | Z11: Roberto | AA11: Roberto | AB11: Roberto | AC11: Roberto | AD11: Roberto | AE11: Roberto | AF11: Roberto
A12: Mailson | B12: Mailson | C12: Mailson | D12: Mailson | E12: Mailson | F12: Mailson | G12: Mailson | H12: Mailson | I12: Mailson | J12: Mailson | K12: Mailson | L12: Mailson | M12: Mailson | N12: Mailson | O12: Mailson | P12: Mailson | Q12: Mailson | R12: Mailson | S12: Mailson | T12: Mailson | U12: Mailson | V12: Mailson | W12: Mailson | X12: Mailson | Y12: Mailson | Z12: Mailson | AA12: Mailson | AB12: Mailson | AC12: Mailson | AD12: Mailson | AE12: Mailson | AF12: Mailson
C14: OBS: Férias Laura 10/07 até 24/04
C15: Férias Roberto 10/07 até 30/07
C16: Férias Andréia 24/07 até 07/08

Sheet Agosto_23
A1: segunda-feira | B1: terça-feira | C1: quarta-feira | D1: quinta-feira | E1: sexta-feira | F1: sábado | G1: domingo | H1: segunda-feira | I1: terça-feira | J1: quarta-feira | K1: quinta-feira | L1: sexta-feira | M1: sábado | N1: domingo | O1: segunda-feira | P1: terça-feira | Q1: quarta-feira | R1: quinta-feira | S1: sexta-feira | T1: sábado | U1: domingo | V1: segunda-feira | W1: terça-feira | X1: quarta-feira | Y1: quinta-feira | Z1: sexta-feira | AA1: sábado | AB1: domingo | AC1: segunda-feira | AD1: terça-feira | AE1: quarta-feira | AF1: quinta-feira
A2: 45138 | B2: 45139 | C2: 45140 | D2: 45141 | E2: 45142 | F2: 45143 | G2: 45144 | H2: 45145 | I2: 45146 | J2: 45147 | K2: 45148 | L2: 45149 | M2: 45150 | N2: 45151 | O2: 45152 | P2: 45153 | Q2: 45154 | R2: 45155 | S2: 45156 | T2: 45157 | U2: 45158 | V2: 45159 | W2: 45160 | X2: 45161 | Y2: 45162 | Z2: 45163 | AA2: 45164 | AB2: 45165 | AC2: 45166 | AD2: 45167 | AE2: 45168 | AF2: 45169
A3: Andréia | B3: Andréia | C3: Andréia | D3: Andréia | E3: Andréia | F3: Andréia | G3: Andréia | H3: Andréia | I3: Andréia | J3: Andréia | K3: Andréia | L3: Andréia | M3: Andréia | N3: Andréia | O3: Andréia | P3: Andréia | Q3: Andréia | R3: Andréia | S3: Andréia | T3: Andréia | U3: Andréia | V3: Andréia | W3: Andréia | X3: Andréia | Y3: Andréia | Z3: Andréia | AA3: Andréia | AB3: Andréia | AC3: Andréia | AD3: Andréia | AE3: Andréia | AF3: Andréia
A4: Gabryella | B4: Gabryella | C4: Gabryella | D4: Gabryella | E4: Gabryella | F4: Gabryella | G4: Gabryella | H4: Gabryella | I4: Gabryella | J4: Gabryella | K4: Gabryella | L4: Gabryella | M4: Gabryella | N4: Gabryella | O4: Gabryella | P4: Gabryella | Q4: Gabryella | R4: Gabryella | S4: Gabryella | T4: Gabryella | U4: Gabryella | V4: Gabryella | W4: Gabryella | X4: Gabryella | Y4: Gabryella | Z4: Gabryella | AA4: Gabryella | AB4: Gabryella | AC4: Gabryella | AD4: Gabryella | AE4: Gabryella | AF4: Gabryella
A5: Andriele | B5: Andrielle | C5: Andrielle | D5: Andrielle | E5: Andrielle | F5: Andriele | G5: Andriele | H5: Andriele | I5: Andrielle | J5: Andrielle | K5: Andrielle | L5: Andrielle | M5: Andriele | N5: Andriele | O5: Andriele | P5: Andrielle | Q5: Andrielle | R5: Andrielle | S5: Andrielle | T5: Andriele | U5: Andriele | V5: Andriele | W5: Andrielle | X5: Andrielle | Y5: Andrielle | Z5: Andrielle | AA5: Andriele | AB5: Andriele | AC5: Andriele | AD5: Andrielle | AE5: Andrielle | AF5: Andrielle
A6: Janaína | B6: Janaína | C6: Janaína | D6: Janaína | E6: Janaína | F6: Janaína | G6: Janaína | H6: Janaína | I6: Janaína | J6: Janaína | K6: Janaína | L6: Janaína | M6: Janaína | N6: Janaína | O6: Janaína | P6: Janaína | Q6: Janaína | R6: Janaína | S6: Janaína | T6: Janaína | U6: Janaína | V6: Janaína | W6: Janaína | X6: Janaína | Y6: Janaína | Z6: Janaína | AA6: Janaína | AB6: Janaína | AC6: Janaína | AD6: Janaína | AE6: Janaína | AF6: Janaína
A7: Laura | B7: Laura | C7: Laura | D7: Laura | E7: Laura | F7: Laura | G7: Laura | H7: Laura | I7: Laura | J7: Laura | K7: Laura | L7: Laura | M7: Laura | N7: Laura | O7: Laura | P7: Laura | Q7: Laura | R7: Laura | S7: Laura | T7: Laura | U7: Laura | V7: Laura | W7: Laura | X7: Laura | Y7: Laura | Z7: Laura | AA7: Laura | AB7: Laura | AC7: Laura | AD7: Laura | AE7: Laura | AF7: Laura
A8: Vera | B8: Vera | C8: Vera | D8: Vera | E8: Vera | F8: Vera | G8: Vera | H8: Vera | I8: Vera | J8: Vera | K8: Vera | L8: Vera | M8: Vera | N8: Vera | O8: Vera | P8: Vera | Q8: Vera | R8: Vera | S8: Vera | T8: Vera | U8: Vera | V8: Vera | W8: Vera | X8: Vera | Y8: Vera | Z8: Vera | AA8: Vera | AB8: Vera | AC8: Vera | AD8: Vera | AE8: Vera | AF8: Vera
A9: Iara | B9: Iara | C9: Iara | D9: Iara | E9: Iara | F9: Iara | G9: Iara | H9: Iara | I9: Iara | J9: Iara | K9: Iara | L9: Iara | M9: Iara | N9: Iara | O9: Iara | P9: Iara | Q9: Iara | R9: Iara | S9: Iara | T9: Iara | U9: Iara | V9: Iara | W9: Iara | X9: Iara | Y9: Iara | Z9: Iara | AA9: Iara | AB9: Iara | AC9: Iara | AD9: Iara | AE9: Iara | AF9: Iara
A10: Adilson | B10: Adilson | C10: Adilson | D10: Adilson | E10: Adilson | F10: Adilson | G10: Adilson | H10: Adilson | I10: Adilson | J10: Adilson | K10: Adilson | L10: Adilson | M10: Adilson | N10: Adilson | O10: Adilson | P10: Adilson | Q10: Adilson | R10: Adilson | S10: Adilson | T10: Adilson | U10: Adilson | V10: Adilson | W10: Adilson | X10: Adilson | Y10: Adilson | Z10: Adilson | AA10: Adilson | AB10: Adilson | AC10: Adilson | AD10: Adilson | AE10: Adilson | AF10: Adilson
A11: Roberto | B11: Roberto | C11: Roberto | D11: Roberto | E11: Roberto | F11: Roberto | G11: Roberto | H11: Roberto | I11: Roberto | J11: Roberto | K11: Roberto | L11: Roberto | M11: Roberto | N11: Roberto | O11: Roberto | P11: Roberto | Q11: Roberto | R11: Roberto | S11: Roberto | T11: Roberto | U11: Roberto | V11: Roberto | W11: Roberto | X11: Roberto | Y11: Roberto | Z11: Roberto | AA11: Roberto | AB11: Roberto | AC11: Roberto | AD11: Roberto | AE11: Roberto | AF11: Roberto
A12: Mailson | B12: Mailson | C12: Mailson | D12: Mailson | E12: Mailson | F12: Mailson | G12: Mailson | H12: Mailson | I12: Mailson | J12: Mailson | K12: Mailson | L12: Mailson | M12: Mailson | N12: Mailson | O12: Mailson | P12: Mailson | Q12: Mailson | R12: Mailson | S12: Mailson | T12: Mailson | U12: Mailson | V12: Mailson | W12: Mailson | X12: Mailson | Y12: Mailson | Z12: Mailson | AA12: Mailson | AB12: Mailson | AC12: Mailson | AD12: Mailson | AE12: Mailson | AF12: Mailson

Sheet Setembro_23
A1: quinta-feira | B1: sexta-feira | C1: sábado | D1: domingo | E1: segunda-feira | F1: terça-feira | G1: quarta-feira | H1: quinta-feira | I1: sexta-feira | J1: sábado | K1: domingo | L1: segunda-feira | M1: terça-feira | N1: quarta-feira | O1: quinta-feira | P1: sexta-feira | Q1: sábado | R1: domingo | S1: segunda-feira | T1: terça-feira | U1: quarta-feira | V1: quinta-feira | W1: sexta-feira | X1: sábado | Y1: domingo | Z1: segunda-feira | AA1: terça-feira | AB1: quarta-feira | AC1: quinta-feira | AD1: sexta-feira | AE1: sábado | AF1: domingo | AG1: segunda-feira
A2: 45169 | B2: 45170 | C2: 45171 | D2: 45172 | E2: 45173 | F2: 45174 | G2: 45175 | H2: 45176 | I2: 45177 | J2: 45178 | K2: 45179 | L2: 45180 | M2: 45181 | N2: 45182 | O2: 45183 | P2: 45184 | Q2: 45185 | R2: 45186 | S2: 45187 | T2: 45188 | U2: 45189 | V2: 45190 | W2: 45191 | X2: 45192 | Y2: 45193 | Z2: 45194 | AA2: 45195 | AB2: 45196 | AC2: 45197 | AD2: 45198 | AE2: 45199 | AF2: 45200 | AG2: 45201
A3: Andréia | B3: Andréia | C3: Andréia | D3: Andréia | E3: Andréia | F3: Andréia | G3: Andréia | H3: Andréia | I3: Andréia | J3: Andréia | K3: Andréia | L3: Andréia | M3: Andréia | N3: Andréia | O3: Andréia | P3: Andréia | Q3: Andréia | R3: Andréia | S3: Andréia | T3: Andréia | U3: Andréia | V3: Andréia | W3: Andréia | X3: Andréia | Y3: Andréia | Z3: Andréia | AA3: Andréia | AB3: Andréia | AC3: Andréia | AD3: Andréia | AE3: Andréia | AF3: Andréia | AG3: Andréia
M4: Gabriela | N4: Gabriela | O4: Gabriela | P4: Gabriela | Q4: Gabriela | R4: Gabriela | S4: Gabriela | T4: Gabriela | U4: Gabriela | V4: Gabriela | W4: Gabriela | X4: Gabriela | Y4: Gabriela | Z4: Gabriela | AA4: Gabriela | AB4: Gabriela | AC4: Gabriela | AD4: Gabriela | AE4: Gabriela | AF4: Gabriela | AG4: Gabriela
A5: Gabryella | B5: Gabryella | C5: Gabryella | D5: Gabryella | E5: Gabryella | F5: Gabryella | G5: Gabryella | H5: Gabryella | I5: Gabryella | J5: Gabryella | K5: Gabryella | L5: Gabryella | M5: Gabryella | N5: Gabryella | O5: Gabryella | P5: Gabryella | Q5: Gabryella | R5: Gabryella | S5: Gabryella | T5: Gabryella | U5: Gabryella | V5: Gabryella | W5: Gabryella | X5: Gabryella | Y5: Gabryella | Z5: Gabryella | AA5: Gabryella | AB5: Gabryella | AC5: Gabryella | AD5: Gabryella | AE5: Gabryella | AF5: Gabryella | AG5: Gabryella
A6: Janaína | B6: Janaína | C6: Janaína | D6: Janaína | E6: Janaína | F6: Janaína | G6: Janaína | H6: Janaína | I6: Janaína | J6: Janaína | K6: Janaína | L6: Janaína | M6: Janaína | N6: Janaína | O6: Janaína | P6: Janaína | Q6: Janaína | R6: Janaína | S6: Janaína | T6: Janaína | U6: Janaína | V6: Janaína | W6: Janaína | X6: Janaína | Y6: Janaína | Z6: Janaína | AA6: Janaína | AB6: Janaína | AC6: Janaína | AD6: Janaína | AE6: Janaína | AF6: Janaína | AG6: Janaína
A7: Laura | B7: Laura | C7: Laura | D7: Laura | E7: Laura | F7: Laura | G7: Laura | H7: Laura | I7: Laura | J7: Laura | K7: Laura | L7: Laura | M7: Laura | N7: Laura | O7: Laura | P7: Laura | Q7: Laura | R7: Laura | S7: Laura | T7: Laura | U7: Laura | V7: Laura | W7: Laura | X7: Laura | Y7: Laura | Z7: Laura | AA7: Laura | AB7: Laura | AC7: Laura | AD7: Laura | AE7: Laura | AF7: Laura | AG7: Laura
A8: Vera | B8: Vera | C8: Vera | D8: Vera | E8: Vera | F8: Vera | G8: Vera | H8: Vera | I8: Vera | J8: Vera | K8: Vera | L8: Vera | M8: Vera | N8: Vera | O8: Vera | P8: Vera | Q8: Vera | R8: Vera | S8: Vera | T8: Vera | U8: Vera | V8: Vera | W8: Vera | X8: Vera | Y8: Vera | Z8: Vera | AA8: Vera | AB8: Vera | AC8: Vera | AD8: Vera | AE8: Vera | AF8: Vera | AG8: Vera
A9: Iara | B9: Iara | C9: Iara | D9: Iara | E9: Iara | F9: Iara | G9: Iara | H9: Iara | I9: Iara | J9: Iara | K9: Iara | L9: Iara | M9: Iara | N9: Iara | O9: Iara | P9: Iara | Q9: Iara | R9: Iara | S9: Iara | T9: Iara | U9: Iara | V9: Iara | W9: Iara | X9: Iara | Y9: Iara | Z9: Iara | AA9: Iara | AB9: Iara | AC9: Iara | AD9: Iara | AE9: Iara | AF9: Iara | AG9: Iara
A10: Adilson | B10: Adilson | C10: Adilson | D10: Adilson | E10: Adilson | F10: Adilson | G10: Adilson | H10: Adilson | I10: Adilson | J10: Adilson | K10: Adilson | L10: Adilson | M10: Adilson | N10: Adilson | O10: Adilson | P10: Adilson | Q10: Adilson | R10: Adilson | S10: Adilson | T10: Adilson | U10: Adilson | V10: Adilson | W10: Adilson | X10: Adilson | Y10: Adilson | Z10: Adilson | AA10: Adilson | AB10: Adilson | AC10: Adilson | AD10: Adilson | AE10: Adilson | AF10: Adilson | AG10: Adilson
A11: Roberto | B11: Roberto | C11: Roberto | D11: Roberto | E11: Roberto | F11: Roberto | G11: Roberto | H11: Roberto | I11: Roberto | J11: Roberto | K11: Roberto | L11: Roberto | M11: Roberto | N11: Roberto | O11: Roberto | P11: Roberto | Q11: Roberto | R11: Roberto | S11: Roberto | T11: Roberto | U11: Roberto | V11: Roberto | W11: Roberto | X11: Roberto | Y11: Roberto | Z11: Roberto | AA11: Roberto | AB11: Roberto | AC11: Roberto | AD11: Roberto | AE11: Roberto | AF11: Roberto | AG11: Roberto
A12: Mailson | B12: Mailson | C12: Mailson | D12: Mailson | E12: Mailson | F12: Mailson | G12: Mailson | H12: Mailson | I12: Mailson | J12: Mailson | K12: Mailson | L12: Mailson | M12: Mailson | N12: Mailson | O12: Mailson | P12: Mailson | Q12: Mailson | R12: Mailson | S12: Mailson | T12: Mailson | U12: Mailson | V12: Mailson | W12: Mailson | X12: Mailson | Y12: Mailson | Z12: Mailson | AA12: Mailson | AB12: Mailson | AC12: Mailson | AD12: Mailson | AE12: Mailson | AF12: Mailson | AG12: Mailson

Sheet Outubro_23
A1: sexta-feira | B1: sábado | C1: domingo | D1: segunda-feira | E1: terça-feira | F1: quarta-feira | G1: quinta-feira | H1: sexta-feira | I1: sábado | J1: domingo | K1: segunda-feira | L1: terça-feira | M1: quarta-feira | N1: quinta-feira | O1: sexta-feira | P1: sábado | Q1: domingo | R1: segunda-feira | S1: terça-feira | T1: quarta-feira | U1: quinta-feira | V1: sexta-feira | W1: sábado | X1: domingo | Y1: segunda-feira | Z1: terça-feira | AA1: quarta-feira | AB1: quinta-feira | AC1: sexta-feira | AD1: sábado | AE1: domingo | AF1: segunda-feira | AG1: terça-feira | AH1: quarta-feira | AI1: quinta-feira
A2: 45198 | B2: 45199 | C2: 45200 | D2: 45201 | E2: 45202 | F2: 45203 | G2: 45204 | H2: 45205 | I2: 45206 | J2: 45207 | K2: 45208 | L2: 45209 | M2: 45210 | N2: 45211 | O2: 45212 | P2: 45213 | Q2: 45214 | R2: 45215 | S2: 45216 | T2: 45217 | U2: 45218 | V2: 45219 | W2: 45220 | X2: 45221 | Y2: 45222 | Z2: 45223 | AA2: 45224 | AB2: 45225 | AC2: 45226 | AD2: 45227 | AE2: 45228 | AF2: 45229 | AG2: 45230 | AH2: 45231 | AI2: 45232
A3: Andréia | B3: Andréia | C3: Andréia | D3: Andréia | E3: Andréia | F3: Andréia | G3: Andréia | H3: Andréia | I3: Andréia | J3: Andréia | K3: Andréia | L3: Andréia | M3: Andréia | N3: Andréia | O3: Andréia | P3: Andréia | Q3: Andréia | R3: Andréia | S3: Andréia | T3: Andréia | U3: Andréia | V3: Andréia | W3: Andréia | X3: Andréia | Y3: Andréia | Z3: Andréia | AA3: Andréia | AB3: Andréia | AC3: Andréia | AD3: Andréia | AE3: Andréia | AF3: Andréia | AG3: Andréia | AH3: Andréia | AI3: Andréia
A4: Gabriela | B4: Gabriela | C4: Gabriela | D4: Gabriela | E4: Gabriela | F4: Gabriela | G4: Gabriela | H4: Gabriela | I4: Gabriela | J4: Gabriela | K4: Gabriela | L4: Gabriela | M4: Gabriela | N4: Gabriela | O4: Gabriela | P4: Gabriela | Q4: Gabriela | R4: Gabriela | S4: Gabriela | T4: Gabriela | U4: Gabriela | V4: Gabriela | W4: Gabriela | X4: Gabriela | Y4: Gabriela | Z4: Gabriela | AA4: Gabriela | AB4: Gabriela | AC4: Gabriela | AD4: Gabriela | AE4: Gabriela | AF4: Gabriela | AG4: Gabriela | AH4: Gabriela | AI4: Gabriela
A5: Gabryella | B5: Gabryella | C5: Gabryella | D5: Gabryella | E5: Gabryella | F5: Gabryella | G5: Gabryella | H5: Gabryella | I5: Gabryella | J5: Gabryella | K5: Gabryella | L5: Gabryella | M5: Gabryella | N5: Gabryella | O5: Gabryella | P5: Gabryella | Q5: Gabryella | R5: Gabryella | S5: Gabryella | T5: Gabryella | U5: Gabryella | V5: Gabryella | W5: Gabryella | X5: Gabryella | Y5: Gabryella | Z5: Gabryella | AA5: Gabryella | AB5: Gabryella | AC5: Gabryella | AD5: Gabryella | AE5: Gabryella | AF5: Gabryella | AG5: Gabryella | AH5: Gabryella | AI5: Gabryella
T6: Agatha | U6: Agatha | V6: Agatha | W6: Agatha | X6: Agatha | Y6: Agatha | Z6: Agatha | AA6: Agatha | AB6: Agatha | AC6: Agatha | AD6: Agatha | AE6: Agatha | AF6: Agatha | AG6: Agatha | AH6: Agatha | AI6: Agatha
A7: Laura | B7: Laura | C7: Laura | D7: Laura | E7: Laura | F7: Laura | G7: Laura | H7: Laura | I7: Laura | J7: Laura | K7: Laura | L7: Laura | M7: Laura | N7: Laura | O7: Laura | P7: Laura | Q7: Laura | R7: Laura | S7: Laura | T7: Laura | U7: Laura | V7: Laura | W7: Laura | X7: Laura | Y7: Laura | Z7: Laura | AA7: Laura | AB7: Laura | AC7: Laura | AD7: Laura | AE7: Laura | AF7: Laura | AG7: Laura | AH7: Laura | AI7: Laura
A8: Vera | B8: Vera | C8: Vera | D8: Vera | E8: Vera | F8: Vera | G8: Vera | H8: Vera | I8: Vera | J8: Vera | K8: Vera | L8: Vera | M8: Vera | N8: Vera | O8: Vera | P8: Vera | Q8: Vera | R8: Vera | S8: Vera | T8: Vera | U8: Vera | V8: Vera | W8: Vera | X8: Vera | Y8: Vera | Z8: Vera | AA8: Vera | AB8: Vera | AC8: Vera | AD8: Vera | AE8: Vera | AF8: Vera | AG8: Vera | AH8: Vera | AI8: Vera
A9: Iara | B9: Iara | C9: Iara | D9: Iara | E9: Iara | F9: Iara | G9: Iara | H9: Iara | I9: Iara | J9: Iara | K9: Iara | L9: Iara | M9: Iara | N9: Iara | O9: Iara | P9: Iara | Q9: Iara | R9: Iara | S9: Iara | T9: Iara | U9: Iara | V9: Iara | W9: Iara | X9: Iara | Y9: Iara | Z9: Iara | AA9: Iara | AB9: Iara | AC9: Iara | AD9: Iara | AE9: Iara | AF9: Iara | AG9: Iara | AH9: Iara | AI9: Iara
A10: Adilson | B10: Adilson | C10: Adilson | D10: Adilson | E10: Adilson | F10: Adilson | G10: Adilson | H10: Adilson | I10: Adilson | J10: Adilson | K10: Adilson | L10: Adilson | M10: Adilson | N10: Adilson | O10: Adilson | P10: Adilson | Q10: Adilson | R10: Adilson | S10: Adilson | T10: Adilson | U10: Adilson | V10: Adilson | W10: Adilson | X10: Adilson | Y10: Adilson | Z10: Adilson | AA10: Adilson | AB10: Adilson | AC10: Adilson | AD10: Adilson | AE10: Adilson | AF10: Adilson | AG10: Adilson | AH10: Adilson | AI10: Adilson
A11: Roberto | B11: Roberto | C11: Roberto | D11: Roberto | E11: Roberto | F11: Roberto | G11: Roberto | H11: Roberto | I11: Roberto | J11: Roberto | K11: Roberto | L11: Roberto | M11: Roberto | N11: Roberto | O11: Roberto | P11: Roberto | Q11: Roberto | R11: Roberto | S11: Roberto | T11: Roberto | U11: Roberto | V11: Roberto | W11: Roberto | X11: Roberto | Y11: Roberto | Z11: Roberto | AA11: Roberto | AB11: Roberto | AC11: Roberto | AD11: Roberto | AE11: Roberto | AF11: Roberto | AG11: Roberto | AH11: Roberto | AI11: Roberto
A12: Mailson | B12: Mailson | C12: Mailson | D12: Mailson | E12: Mailson | F12: Mailson | G12: Mailson | H12: Mailson | I12: Mailson | J12: Mailson | K12: Mailson | L12: Mailson | M12: Mailson | N12: Mailson | O12: Mailson | P12: Mailson | Q12: Mailson | R12: Mailson | S12: Mailson | T12: Mailson | U12: Mailson | V12: Mailson | W12: Mailson | X12: Mailson | Y12: Mailson | Z12: Mailson | AA12: Mailson | AB12: Mailson | AC12: Mailson | AD12: Mailson | AE12: Mailson | AF12: Mailson | AG12: Mailson | AH12: Mailson | AI12: Mailson
E14: Feriado | F14: 45211
A16: Back office | C16: Comercial
A17: Sab/dom | C17: Sab/dom
A18: Dom/seg | C18: Seg/Ter
A19: Sex/Sábado | C19: Dom/Seg
C20: Seg

Sheet Novembro_23
A1: sexta-feira | B1: sábado | C1: domingo | D1: segunda-feira | E1: terça-feira | F1: quarta-feira | G1: quinta-feira | H1: sexta-feira | I1: sábado | J1: domingo | K1: segunda-feira | L1: terça-feira | M1: quarta-feira | N1: quinta-feira | O1: sexta-feira | P1: sábado | Q1: domingo | R1: segunda-feira | S1: terça-feira | T1: quarta-feira | U1: quinta-feira | V1: sexta-feira | W1: sábado | X1: domingo | Y1: segunda-feira | Z1: terça-feira | AA1: quarta-feira | AB1: quinta-feira | AC1: sexta-feira | AD1: sábado | AE1: domingo | AF1: segunda-feira | AG1: terça-feira | AH1: quarta-feira | AI1: quinta-feira | AJ1: sexta-feira
A2: 45226 | B2: 45227 | C2: 45228 | D2: 45229 | E2: 45230 | F2: 45231 | G2: 45232 | H2: 45233 | I2: 45234 | J2: 45235 | K2: 45236 | L2: 45237 | M2: 45238 | N2: 45239 | O2: 45240 | P2: 45241 | Q2: 45242 | R2: 45243 | S2: 45244 | T2: 45245 | U2: 45246 | V2: 45247 | W2: 45248 | X2: 45249 | Y2: 45250 | Z2: 45251 | AA2: 45252 | AB2: 45253 | AC2: 45254 | AD2: 45255 | AE2: 45256 | AF2: 45257 | AG2: 45258 | AH2: 45259 | AI2: 45260 | AJ2: 45261
A3: Andréia | B3: Andréia | C3: Andréia | D3: Andréia | E3: Andréia | F3: Andréia | G3: Andréia | H3: Andréia | I3: Andréia | J3: Andréia | K3: Andréia | L3: Andréia | M3: Andréia | N3: Andréia | O3: Andréia | P3: Andréia | Q3: Andréia | R3: Andréia | S3: Andréia | T3: Andréia | U3: Andréia | V3: Andréia | W3: Andréia | X3: Andréia | Y3: Andréia | Z3: Andréia | AA3: Andréia | AB3: Andréia | AC3: Andréia | AD3: Andréia | AE3: Andréia | AF3: Andréia | AG3: Andréia | AH3: Andréia | AI3: Andréia | AJ3: Andréia
A4: Gabriela | B4: Gabriela | C4: Gabriela | D4: Gabriela | E4: Gabriela | F4: Gabriela | G4: Gabriela | H4: Gabriela | I4: Gabriela | J4: Gabriela | K4: Gabriela | L4: Gabriela | M4: Gabriela | N4: Gabriela | O4: Gabriela | P4: Gabriela | Q4: Gabriela | R4: Gabriela | S4: Gabriela | T4: Gabriela | U4: Gabriela | V4: Gabriela | W4: Gabriela | X4: Gabriela | Y4: Gabriela | Z4: Gabriela | AA4: Gabriela | AB4: Gabriela | AC4: Gabriela | AD4: Gabriela | AE4: Gabriela | AF4: Gabriela | AG4: Gabriela | AH4: Gabriela | AI4: Gabriela | AJ4: Gabriela
A5: Gabryella | B5: Gabryella | C5: Gabryella | D5: Gabryella | E5: Gabryella | F5: Gabryella | G5: Gabryella | H5: Gabryella | I5: Gabryella | J5: Gabryella | K5: Gabryella | L5: Gabryella | M5: Gabryella | N5: Gabryella | O5: Gabryella | P5: Gabryella | Q5: Gabryella | R5: Gabryella | S5: Gabryella | T5: Gabryella | U5: Gabryella | V5: Gabryella | W5: Gabryella | X5: Gabryella | Y5: Gabryella | Z5: Gabryella | AA5: Gabryella | AB5: Gabryella | AC5: Gabryella | AD5: Gabryella | AE5: Gabryella | AF5: Gabryella | AG5: Gabryella | AH5: Gabryella | AI5: Gabryella | AJ5: Gabryella
A6: Agatha | B6: Agatha | C6: Agatha | D6: Agatha | E6: Agatha | F6: Agatha | G6: Agatha | H6: Agatha | I6: Agatha | J6: Agatha | K6: Agatha | L6: Agatha | M6: Agatha | N6: Agatha | O6: Agatha | P6: Agatha | Q6: Agatha | R6: Agatha | S6: Agatha | T6: Agatha | U6: Agatha | V6: Agatha | W6: Agatha | X6: Agatha | Y6: Agatha | Z6: Agatha | AA6: Agatha | AB6: Agatha | AC6: Agatha | AD6: Agatha | AE6: Agatha | AF6: Agatha | AG6: Agatha | AH6: Agatha | AI6: Agatha | AJ6: Agatha
A7: Laura | B7: Laura | C7: Laura | D7: Laura | E7: Laura | F7: Laura | G7: Laura | H7: Laura | I7: Laura | J7: Laura | K7: Laura | L7: Laura | M7: Laura | N7: Laura | O7: Laura | P7: Laura | Q7: Laura | R7: Laura | S7: Laura | T7: Laura | U7: Laura | V7: Laura | W7: Laura | X7: Laura | Y7: Laura | Z7: Laura | AA7: Laura | AB7: Laura | AC7: Laura | AD7: Laura | AE7: Laura | AF7: Laura | AG7: Laura | AH7: Laura | AI7: Laura | AJ7: Laura
A8: Vera | B8: Vera | C8: Vera | D8: Vera | E8: Vera | F8: Vera | G8: Vera | H8: Vera | I8: Vera | J8: Vera | K8: Vera | L8: Vera | M8: Vera | N8: Vera | O8: Vera | P8: Vera | Q8: Vera | R8: Vera | S8: Vera | T8: Vera | U8: Vera | V8: Vera | W8: Vera | X8: Vera | Y8: Vera | Z8: Vera | AA8: Vera | AB8: Vera | AC8: Vera | AD8: Vera | AE8: Vera | AF8: Vera | AG8: Vera | AH8: Vera | AI8: Vera | AJ8: Vera
A9: Iara | B9: Iara | C9: Iara | D9: Iara | E9: Iara | F9: Iara | G9: Iara | H9: Iara | I9: Iara | J9: Iara | K9: Iara | L9: Iara | M9: Iara | N9: Iara | O9: Iara | P9: Iara | Q9: Iara | R9: Iara | S9: Iara | T9: Iara | U9: Iara | V9: Iara | W9: Iara | X9: Iara | Y9: Iara | Z9: Iara | AA9: Iara | AB9: Iara | AC9: Iara | AD9: Iara | AE9: Iara | AF9: Iara | AG9: Iara | AH9: Iara | AI9: Iara | AJ9: Iara
A10: Adilson | B10: Adilson | C10: Adilson | D10: Adilson | E10: Adilson | F10: Adilson | G10: Adilson | H10: Adilson | I10: Adilson | J10: Adilson | K10: Adilson | L10: Adilson | M10: Adilson | N10: Adilson | O10: Adilson | P10: Adilson | Q10: Adilson | R10: Adilson | S10: Adilson | T10: Adilson | U10: Adilson | V10: Adilson | W10: Adilson | X10: Adilson | Y10: Adilson | Z10: Adilson | AA10: Adilson | AB10: Adilson | AC10: Adilson | AD10: Adilson | AE10: Adilson | AF10: Adilson | AG10: Adilson | AH10: Adilson | AI10: Adilson | AJ10: Adilson
A11: Roberto | B11: Roberto | C11: Roberto | D11: Roberto | E11: Roberto | F11: Roberto | G11: Roberto | H11: Roberto | I11: Roberto | J11: Roberto | K11: Roberto | L11: Roberto | M11: Roberto | N11: Roberto | O11: Roberto | P11: Roberto | Q11: Roberto | R11: Roberto | S11: Roberto | T11: Roberto | U11: Roberto | V11: Roberto | W11: Roberto | X11: Roberto | Y11: Roberto | Z11: Roberto | AA11: Roberto | AB11: Roberto | AC11: Roberto | AD11: Roberto | AE11: Roberto | AF11: Roberto | AG11: Roberto | AH11: Roberto | AI11: Roberto | AJ11: Roberto
A12: Mailson | B12: Mailson | C12: Mailson | D12: Mailson | E12: Mailson | F12: Mailson | G12: Mailson | H12: Mailson | I12: Mailson | J12: Mailson | K12: Mailson | L12: Mailson | M12: Mailson | N12: Mailson | O12: Mailson | P12: Mailson | Q12: Mailson | R12: Mailson | S12: Mailson | T12: Mailson | U12: Mailson | V12: Mailson | W12: Mailson | X12: Mailson | Y12: Mailson | Z12: Mailson | AA12: Mailson | AB12: Mailson | AC12: Mailson | AD12: Mailson | AE12: Mailson | AF12: Mailson | AG12: Mailson | AH12: Mailson | AI12: Mailson | AJ12: Mailson
I14: Feriado | J14: 2 | K14: 15
G15: Back office | I15: Comercial
G16: Sab/dom | I16: Sab/dom
G17: Dom/seg | I17: Seg/Ter
G18: Sex/Sábado | I18: Dom/Seg
I19: Seg

Sheet Dezembro_23
A1: sexta-feira | B1: sábado | C1: domingo | D1: segunda-feira | E1: terça-feira | F1: quarta-feira | G1: quinta-feira | H1: sexta-feira | I1: sábado | J1: domingo | K1: segunda-feira | L1: terça-feira | M1: quarta-feira | N1: quinta-feira | O1: sexta-feira | P1: sábado | Q1: domingo | R1: segunda-feira | S1: terça-feira | T1: quarta-feira | U1: quinta-feira | V1: sexta-feira | W1: sábado | X1: domingo | Y1: segunda-feira | Z1: terça-feira | AA1: quarta-feira | AB1: quinta-feira | AC1: sexta-feira | AD1: sábado | AE1: domingo | AF1: segunda-feira | AG1: terça-feira
A2: 45261 | B2: 45262 | C2: 45263 | D2: 45264 | E2: 45265 | F2: 45266 | G2: 45267 | H2: 45268 | I2: 45269 | J2: 45270 | K2: 45271 | L2: 45272 | M2: 45273 | N2: 45274 | O2: 45275 | P2: 45276 | Q2: 45277 | R2: 45278 | S2: 45279 | T2: 45280 | U2: 45281 | V2: 45282 | W2: 45283 | X2: 45284 | Y2: 45285 | Z2: 45286 | AA2: 45287 | AB2: 45288 | AC2: 45289 | AD2: 45290 | AE2: 45291 | AF2: 45292 | AG2: 45293
A3: Andréia | B3: Andréia | C3: Andréia | D3: Andréia | E3: Andréia | F3: Andréia | G3: Andréia | H3: Andréia | I3: Andréia | J3: Andréia | K3: Andréia | L3: Andréia | M3: Andréia | N3: Andréia | O3: Andréia | P3: Andréia | Q3: Andréia | R3: Andréia | S3: Andréia | T3: Andréia | U3: Andréia | V3: Andréia | W3: Andréia | X3: Andréia | Y3: Andréia | Z3: Andréia | AA3: Andréia | AB3: Andréia | AC3: Andréia | AD3: Andréia | AE3: Andréia | AF3: Andréia | AG3: Andréia
A4: Gabriela | B4: Gabriela | C4: Gabriela | D4: Gabriela | E4: Gabriela | F4: Gabriela | G4: Gabriela | H4: Gabriela | I4: Gabriela | J4: Gabriela | K4: Gabriela | L4: Gabriela | M4: Gabriela | N4: Gabriela | O4: Gabriela | P4: Gabriela | Q4: Gabriela | R4: Gabriela | S4: Gabriela | T4: Gabriela | U4: Gabriela | V4: Gabriela | W4: Gabriela | X4: Gabriela | Y4: Gabriela | Z4: Gabriela | AA4: Gabriela | AB4: Gabriela | AC4: Gabriela | AD4: Gabriela | AE4: Gabriela | AF4: Gabriela | AG4: Gabriela
A5: Gabryella | B5: Gabryella | C5: Gabryella | D5: Gabryella | E5: Gabryella | F5: Gabryella | G5: Gabryella | H5: Gabryella | I5: Gabryella | J5: Gabryella | K5: Gabryella | L5: Gabryella | M5: Gabryella | N5: Gabryella | O5: Gabryella | P5: Gabryella | Q5: Gabryella | R5: Gabryella | S5: Gabryella | T5: Gabryella | U5: Gabryella | V5: Gabryella | W5: Gabryella | X5: Gabryella | Y5: Gabryella | Z5: Gabryella | AA5: Gabryella | AB5: Gabryella | AC5: Gabryella | AD5: Gabryella | AE5: Gabryella | AF5: Gabryella | AG5: Gabryella
A6: Agatha | B6: Agatha | C6: Agatha | D6: Agatha | E6: Agatha | F6: Agatha | G6: Agatha | H6: Agatha | I6: Agatha | J6: Agatha | K6: Agatha | L6: Agatha | M6: Agatha | N6: Agatha | O6: Agatha | P6: Agatha | Q6: Agatha | R6: Agatha | S6: Agatha | T6: Agatha | U6: Agatha | V6: Agatha | W6: Agatha | X6: Agatha | Y6: Agatha | Z6: Agatha | AA6: Agatha | AB6: Agatha | AC6: Agatha | AD6: Agatha | AE6: Agatha | AF6: Agatha | AG6: Agatha
A7: Laura | B7: Laura | C7: Laura | D7: Laura | E7: Laura | F7: Laura | G7: Laura | H7: Laura | I7: Laura | J7: Laura | K7: Laura | L7: Laura | M7: Laura | N7: Laura | O7: Laura | P7: Laura | Q7: Laura | R7: Laura | S7: Laura | T7: Laura | U7: Laura | V7: Laura | W7: Laura | X7: Laura | Y7: Laura | Z7: Laura | AA7: Laura | AB7: Laura | AC7: Laura | AD7: Laura | AE7: Laura | AF7: Laura | AG7: Laura
A8: Daiane | B8: Daiane | C8: Daiane | D8: Daiane | E8: Daiane | F8: Daiane | G8: Daiane | H8: Daiane | I8: Daiane | J8: Daiane | K8: Daiane | L8: Daiane | M8: Daiane | N8: Daiane | O8: Daiane | P8: Daiane | Q8: Daiane | R8: Daiane | S8: Daiane | T8: Daiane | U8: Daiane | V8: Daiane | W8: Daiane | X8: Daiane | Y8: Daiane | Z8: Daiane | AA8: Daiane | AB8: Daiane | AC8: Daiane | AD8: Daiane | AE8: Daiane | AF8: Daiane | AG8: Daiane
A9: Iara | B9: Iara | C9: Iara | D9: Iara | E9: Iara | F9: Iara | G9: Iara | H9: Iara | I9: Iara | J9: Iara | K9: Iara | L9: Iara | M9: Iara | N9: Iara | O9: Iara | P9: Iara | Q9: Iara | R9: Iara | S9: Iara | T9: Iara | U9: Iara | V9: Iara | W9: Iara | X9: Iara | Y9: Iara | Z9: Iara | AA9: Iara | AB9: Iara | AC9: Iara | AD9: Iara | AE9: Iara | AF9: Iara | AG9: Iara
A10: Adilson | B10: Adilson | C10: Adilson | D10: Adilson | E10: Adilson | F10: Adilson | G10: Adilson | H10: Adilson | I10: Adilson | J10: Adilson | K10: Adilson | L10: Adilson | M10: Adilson | N10: Adilson | O10: Adilson | P10: Adilson | Q10: Adilson | R10: Adilson | S10: Adilson | T10: Adilson | U10: Adilson | V10: Adilson | W10: Adilson | X10: Adilson | Y10: Adilson | Z10: Adilson | AA10: Adilson | AB10: Adilson | AC10: Adilson | AD10: Adilson | AE10: Adilson | AF10: Adilson | AG10: Adilson
A11: Roberto | B11: Roberto | C11: Roberto | D11: Roberto | E11: Roberto | F11: Roberto | G11: Roberto | H11: Roberto | I11: Roberto | J11: Roberto | K11: Roberto | L11: Roberto | M11: Roberto | N11: Roberto | O11: Roberto | P11: Roberto | Q11: Roberto | R11: Roberto | S11: Roberto | T11: Roberto | U11: Roberto | V11: Roberto | W11: Roberto | X11: Roberto | Y11: Roberto | Z11: Roberto | AA11: Roberto | AB11: Roberto | AC11: Roberto | AD11: Roberto | AE11: Roberto | AF11: Roberto | AG11: Roberto
A12: Mailson | B12: Mailson | C12: Mailson | D12: Mailson | E12: Mailson | F12: Mailson | G12: Mailson | H12: Mailson | I12: Mailson | J12: Mailson | K12: Mailson | L12: Mailson | M12: Mailson | N12: Mailson | O12: Mailson | P12: Mailson | Q12: Mailson | R12: Mailson | S12: Mailson | T12: Mailson | U12: Mailson | V12: Mailson | W12: Mailson | X12: Mailson | Y12: Mailson | Z12: Mailson | AA12: Mailson | AB12: Mailson | AC12: Mailson | AD12: Mailson | AE12: Mailson | AF12: Mailson | AG12: Mailson
I14: Feriado | J14: 25 | K14: 44927
G15: Back office | I15: Comercial
G16: Sab/dom | I16: Sab/dom
G17: Dom/seg | I17: Seg/Ter
G18: Sex/Sábado | I18: Dom/Seg
I19: Seg

Sheet Janeiro_24
A1: segunda-feira | B1: terça-feira | C1: quarta-feira | D1: quinta-feira | E1: sexta-feira | F1: sábado | G1: domingo | H1: segunda-feira | I1: terça-feira | J1: quarta-feira | K1: quinta-feira | L1: sexta-feira | M1: sábado | N1: domingo | O1: segunda-feira | P1: terça-feira | Q1: quarta-feira | R1: quinta-feira | S1: sexta-feira | T1: sábado | U1: domingo | V1: segunda-feira | W1: terça-feira | X1: quarta-feira | Y1: quinta-feira | Z1: sexta-feira | AA1: sábado | AB1: domingo | AC1: segunda-feira | AD1: terça-feira | AE1: quarta-feira | AF1: quinta-feira
A2: 44927 | B2: 44928 | C2: 44929 | D2: 44930 | E2: 44931 | F2: 44932 | G2: 44933 | H2: 44934 | I2: 44935 | J2: 44936 | K2: 44937 | L2: 44938 | M2: 44939 | N2: 44940 | O2: 44941 | P2: 44942 | Q2: 44943 | R2: 44944 | S2: 44945 | T2: 44946 | U2: 44947 | V2: 44948 | W2: 44949 | X2: 44950 | Y2: 44951 | Z2: 44952 | AA2: 44953 | AB2: 44954 | AC2: 44955 | AD2: 44956 | AE2: 44957 | AF2: 44958
A3: Andréia | B3: Andréia | C3: Andréia | D3: Andréia | E3: Andréia | F3: Andréia | G3: Andréia | H3: Andréia | I3: Andréia | J3: Andréia | K3: Andréia | L3: Andréia | M3: Andréia | N3: Andréia | O3: Andréia | P3: Andréia | Q3: Andréia | R3: Andréia | S3: Andréia | T3: Andréia | U3: Andréia | V3: Andréia | W3: Andréia | X3: Andréia | Y3: Andréia | Z3: Andréia | AA3: Andréia | AB3: Andréia | AC3: Andréia | AD3: Andréia | AE3: Andréia | AF3: Andréia
A4: Gabriela | B4: Gabriela | C4: Gabriela | D4: Gabriela | E4: Gabriela | F4: Gabriela | G4: Gabriela | H4: Gabriela | I4: Gabriela | J4: Gabriela | K4: Gabriela | L4: Gabriela | M4: Gabriela | N4: Gabriela | O4: Gabriela | P4: Gabriela | Q4: Gabriela | R4: Gabriela | S4: Gabriela | T4: Gabriela | U4: Gabriela | V4: Gabriela | W4: Gabriela | X4: Gabriela | Y4: Gabriela | Z4: Gabriela | AA4: Gabriela | AB4: Gabriela | AC4: Gabriela | AD4: Gabriela | AE4: Gabriela | AF4: Gabriela
A5: Gabryella | B5: Gabryella | C5: Gabryella | D5: Gabryella | E5: Gabryella | F5: Gabryella | G5: Gabryella | H5: Gabryella | I5: Gabryella | J5: Gabryella | K5: Gabryella | L5: Gabryella | M5: Gabryella | N5: Gabryella | O5: Gabryella | P5: Gabryella | Q5: Gabryella | R5: Gabryella | S5: Gabryella | T5: Gabryella | U5: Gabryella | V5: Gabryella | W5: Gabryella | X5: Gabryella | Y5: Gabryella | Z5: Gabryella | AA5: Gabryella | AB5: Gabryella | AC5: Gabryella | AD5: Gabryella | AE5: Gabryella | AF5: Gabryella
A6: Agatha | B6: Agatha | C6: Agatha | D6: Agatha | E6: Agatha | F6: Agatha | G6: Agatha | H6: Agatha | I6: Agatha | J6: Agatha | K6: Agatha | L6: Agatha | M6: Agatha | N6: Agatha | O6: Agatha | P6: Agatha | Q6: Agatha | R6: Agatha | S6: Agatha | T6: Agatha | U6: Agatha | V6: Agatha | W6: Agatha | X6: Agatha | Y6: Agatha | Z6: Agatha | AA6: Agatha | AB6: Agatha | AC6: Agatha | AD6: Agatha | AE6: Agatha | AF6: Agatha
A7: Laura | B7: Laura | C7: Laura | D7: Laura | E7: Laura | F7: Laura | G7: Laura | H7: Laura | I7: Laura | J7: Laura | K7: Laura | L7: Laura | M7: Laura | N7: Laura | O7: Laura | P7: Laura | Q7: Laura | R7: Laura | S7: Laura | T7: Laura | U7: Laura | V7: Laura | W7: Laura | X7: Laura | Y7: Laura | Z7: Laura | AA7: Laura | AB7: Laura | AC7: Laura | AD7: Laura | AE7: Laura | AF7: Laura
A8: Daiane | B8: Daiane | C8: Daiane | D8: Daiane | E8: Daiane | F8: Daiane | G8: Daiane | H8: Daiane | I8: Daiane | J8: Daiane | K8: Daiane | L8: Daiane | M8: Daiane | N8: Daiane | O8: Daiane | P8: Daiane | Q8: Daiane | R8: Daiane | S8: Daiane | T8: Daiane | U8: Daiane | V8: Daiane | W8: Daiane | X8: Daiane | Y8: Daiane | Z8: Daiane | AA8: Daiane | AB8: Daiane | AC8: Daiane | AD8: Daiane | AE8: Daiane | AF8: Daiane
A9: Iara | B9: Iara | C9: Iara | D9: Iara | E9: Iara | F9: Iara | G9: Iara | H9: Iara | I9: Iara | J9: Iara | K9: Iara | L9: Iara | M9: Iara | N9: Iara | O9: Iara | P9: Iara | Q9: Iara | R9: Iara | S9: Iara | T9: Iara | U9: Iara | V9: Iara | W9: Iara | X9: Iara | Y9: Iara | Z9: Iara | AA9: Iara | AB9: Iara | AC9: Iara | AD9: Iara | AE9: Iara | AF9: Iara
